Event,Date_Time,TemperatureC,Field,Pop,Cage,Height,Treatment
1,2021/07/28 15:20:40,24.11,DC,DC,S_DCH_H1,40,Herbivore
2,2021/07/28 16:20:40,22.48,DC,DC,S_DCH_H1,40,Herbivore
3,2021/07/28 17:20:40,22.43,DC,DC,S_DCH_H1,40,Herbivore
4,2021/07/28 18:20:40,22.65,DC,DC,S_DCH_H1,40,Herbivore
5,2021/07/28 19:20:40,22.91,DC,DC,S_DCH_H1,40,Herbivore
6,2021/07/28 20:20:40,22.91,DC,DC,S_DCH_H1,40,Herbivore
7,2021/07/28 21:20:40,22.61,DC,DC,S_DCH_H1,40,Herbivore
8,2021/07/28 22:20:40,22.91,DC,DC,S_DCH_H1,40,Herbivore
9,2021/07/28 23:20:40,22.91,DC,DC,S_DCH_H1,40,Herbivore
10,2021/07/29 00:20:40,22.86,DC,DC,S_DCH_H1,40,Herbivore
11,2021/07/29 01:20:40,22.91,DC,DC,S_DCH_H1,40,Herbivore
12,2021/07/29 02:20:40,22.91,DC,DC,S_DCH_H1,40,Herbivore
13,2021/07/29 03:20:40,22.91,DC,DC,S_DCH_H1,40,Herbivore
14,2021/07/29 04:20:40,22.99,DC,DC,S_DCH_H1,40,Herbivore
15,2021/07/29 05:20:40,22.99,DC,DC,S_DCH_H1,40,Herbivore
16,2021/07/29 06:20:40,23.03,DC,DC,S_DCH_H1,40,Herbivore
17,2021/07/29 07:20:40,23.16,DC,DC,S_DCH_H1,40,Herbivore
18,2021/07/29 08:20:40,23.08,DC,DC,S_DCH_H1,40,Herbivore
19,2021/07/29 09:20:40,22.78,DC,DC,S_DCH_H1,40,Herbivore
20,2021/07/29 10:20:40,22.61,DC,DC,S_DCH_H1,40,Herbivore
21,2021/07/29 11:20:40,22.48,DC,DC,S_DCH_H1,40,Herbivore
22,2021/07/29 12:20:40,22.35,DC,DC,S_DCH_H1,40,Herbivore
23,2021/07/29 13:20:40,22.56,DC,DC,S_DCH_H1,40,Herbivore
24,2021/07/29 14:20:40,22.39,DC,DC,S_DCH_H1,40,Herbivore
25,2021/07/29 15:20:40,22.56,DC,DC,S_DCH_H1,40,Herbivore
26,2021/07/29 16:20:40,22.52,DC,DC,S_DCH_H1,40,Herbivore
27,2021/07/29 17:20:40,22.52,DC,DC,S_DCH_H1,40,Herbivore
28,2021/07/29 18:20:40,22.65,DC,DC,S_DCH_H1,40,Herbivore
29,2021/07/29 19:20:40,23.03,DC,DC,S_DCH_H1,40,Herbivore
30,2021/07/29 20:20:40,22.61,DC,DC,S_DCH_H1,40,Herbivore
31,2021/07/29 21:20:40,22.82,DC,DC,S_DCH_H1,40,Herbivore
32,2021/07/29 22:20:40,23.03,DC,DC,S_DCH_H1,40,Herbivore
33,2021/07/29 23:20:40,22.82,DC,DC,S_DCH_H1,40,Herbivore
34,2021/07/30 00:20:40,23.03,DC,DC,S_DCH_H1,40,Herbivore
35,2021/07/30 01:20:40,23.12,DC,DC,S_DCH_H1,40,Herbivore
36,2021/07/30 02:20:40,23.08,DC,DC,S_DCH_H1,40,Herbivore
37,2021/07/30 03:20:40,23.08,DC,DC,S_DCH_H1,40,Herbivore
38,2021/07/30 04:20:40,23.12,DC,DC,S_DCH_H1,40,Herbivore
39,2021/07/30 05:20:40,23.16,DC,DC,S_DCH_H1,40,Herbivore
40,2021/07/30 06:20:40,23.03,DC,DC,S_DCH_H1,40,Herbivore
41,2021/07/30 07:20:40,23.03,DC,DC,S_DCH_H1,40,Herbivore
42,2021/07/30 08:20:40,23.21,DC,DC,S_DCH_H1,40,Herbivore
43,2021/07/30 09:20:40,23.12,DC,DC,S_DCH_H1,40,Herbivore
44,2021/07/30 10:20:40,22.99,DC,DC,S_DCH_H1,40,Herbivore
45,2021/07/30 11:20:40,22.78,DC,DC,S_DCH_H1,40,Herbivore
46,2021/07/30 12:20:40,22.65,DC,DC,S_DCH_H1,40,Herbivore
47,2021/07/30 13:20:40,22.73,DC,DC,S_DCH_H1,40,Herbivore
48,2021/07/30 14:20:40,22.65,DC,DC,S_DCH_H1,40,Herbivore
49,2021/07/30 15:20:40,22.61,DC,DC,S_DCH_H1,40,Herbivore
50,2021/07/30 16:20:40,22.52,DC,DC,S_DCH_H1,40,Herbivore
51,2021/07/30 17:20:40,22.61,DC,DC,S_DCH_H1,40,Herbivore
52,2021/07/30 18:20:40,22.69,DC,DC,S_DCH_H1,40,Herbivore
53,2021/07/30 19:20:40,22.86,DC,DC,S_DCH_H1,40,Herbivore
54,2021/07/30 20:20:40,22.78,DC,DC,S_DCH_H1,40,Herbivore
55,2021/07/30 21:20:40,22.86,DC,DC,S_DCH_H1,40,Herbivore
56,2021/07/30 22:20:40,22.86,DC,DC,S_DCH_H1,40,Herbivore
57,2021/07/30 23:20:40,22.91,DC,DC,S_DCH_H1,40,Herbivore
58,2021/07/31 00:20:40,22.99,DC,DC,S_DCH_H1,40,Herbivore
59,2021/07/31 01:20:40,22.99,DC,DC,S_DCH_H1,40,Herbivore
60,2021/07/31 02:20:40,22.99,DC,DC,S_DCH_H1,40,Herbivore
61,2021/07/31 03:20:40,23.08,DC,DC,S_DCH_H1,40,Herbivore
62,2021/07/31 04:20:40,23.25,DC,DC,S_DCH_H1,40,Herbivore
63,2021/07/31 05:20:40,23.51,DC,DC,S_DCH_H1,40,Herbivore
64,2021/07/31 06:20:40,23.64,DC,DC,S_DCH_H1,40,Herbivore
65,2021/07/31 07:20:40,23.76,DC,DC,S_DCH_H1,40,Herbivore
66,2021/07/31 08:20:40,23.64,DC,DC,S_DCH_H1,40,Herbivore
67,2021/07/31 09:20:40,23.16,DC,DC,S_DCH_H1,40,Herbivore
68,2021/07/31 10:20:40,22.99,DC,DC,S_DCH_H1,40,Herbivore
69,2021/07/31 11:20:40,22.69,DC,DC,S_DCH_H1,40,Herbivore
70,2021/07/31 12:20:40,22.95,DC,DC,S_DCH_H1,40,Herbivore
71,2021/07/31 13:20:40,23.08,DC,DC,S_DCH_H1,40,Herbivore
72,2021/07/31 14:20:40,23.12,DC,DC,S_DCH_H1,40,Herbivore
73,2021/07/31 15:20:40,23.12,DC,DC,S_DCH_H1,40,Herbivore
74,2021/07/31 16:20:40,22.73,DC,DC,S_DCH_H1,40,Herbivore
75,2021/07/31 17:20:40,23.03,DC,DC,S_DCH_H1,40,Herbivore
76,2021/07/31 18:20:40,22.99,DC,DC,S_DCH_H1,40,Herbivore
77,2021/07/31 19:20:40,22.95,DC,DC,S_DCH_H1,40,Herbivore
78,2021/07/31 20:20:40,22.95,DC,DC,S_DCH_H1,40,Herbivore
79,2021/07/31 21:20:40,23.08,DC,DC,S_DCH_H1,40,Herbivore
80,2021/07/31 22:20:40,23.16,DC,DC,S_DCH_H1,40,Herbivore
81,2021/07/31 23:20:40,23.12,DC,DC,S_DCH_H1,40,Herbivore
82,2021/08/01 00:20:40,23.16,DC,DC,S_DCH_H1,40,Herbivore
83,2021/08/01 01:20:40,23.12,DC,DC,S_DCH_H1,40,Herbivore
84,2021/08/01 02:20:40,23.12,DC,DC,S_DCH_H1,40,Herbivore
85,2021/08/01 03:20:40,23.21,DC,DC,S_DCH_H1,40,Herbivore
86,2021/08/01 04:20:40,23.59,DC,DC,S_DCH_H1,40,Herbivore
87,2021/08/01 05:20:40,23.72,DC,DC,S_DCH_H1,40,Herbivore
88,2021/08/01 06:20:40,23.85,DC,DC,S_DCH_H1,40,Herbivore
89,2021/08/01 07:20:40,23.98,DC,DC,S_DCH_H1,40,Herbivore
90,2021/08/01 08:20:40,23.46,DC,DC,S_DCH_H1,40,Herbivore
91,2021/08/01 09:20:40,23.16,DC,DC,S_DCH_H1,40,Herbivore
92,2021/08/01 10:20:40,23.08,DC,DC,S_DCH_H1,40,Herbivore
93,2021/08/01 11:20:40,22.69,DC,DC,S_DCH_H1,40,Herbivore
94,2021/08/01 12:20:40,22.73,DC,DC,S_DCH_H1,40,Herbivore
95,2021/08/01 13:20:40,23.03,DC,DC,S_DCH_H1,40,Herbivore
96,2021/08/01 14:20:40,22.61,DC,DC,S_DCH_H1,40,Herbivore
97,2021/08/01 15:20:40,22.43,DC,DC,S_DCH_H1,40,Herbivore
98,2021/08/01 16:20:40,22.65,DC,DC,S_DCH_H1,40,Herbivore
99,2021/08/01 17:20:40,22.78,DC,DC,S_DCH_H1,40,Herbivore
100,2021/08/01 18:20:40,22.69,DC,DC,S_DCH_H1,40,Herbivore
101,2021/08/01 19:20:40,22.65,DC,DC,S_DCH_H1,40,Herbivore
102,2021/08/01 20:20:40,23.03,DC,DC,S_DCH_H1,40,Herbivore
103,2021/08/01 21:20:40,23.08,DC,DC,S_DCH_H1,40,Herbivore
104,2021/08/01 22:20:40,23.12,DC,DC,S_DCH_H1,40,Herbivore
105,2021/08/01 23:20:40,23.12,DC,DC,S_DCH_H1,40,Herbivore
106,2021/08/02 00:20:40,23.16,DC,DC,S_DCH_H1,40,Herbivore
107,2021/08/02 01:20:40,23.12,DC,DC,S_DCH_H1,40,Herbivore
108,2021/08/02 02:20:40,23.16,DC,DC,S_DCH_H1,40,Herbivore
109,2021/08/02 03:20:40,23.12,DC,DC,S_DCH_H1,40,Herbivore
110,2021/08/02 04:20:40,23.21,DC,DC,S_DCH_H1,40,Herbivore
111,2021/08/02 05:20:40,23.21,DC,DC,S_DCH_H1,40,Herbivore
112,2021/08/02 06:20:40,23.21,DC,DC,S_DCH_H1,40,Herbivore
113,2021/08/02 07:20:40,23.16,DC,DC,S_DCH_H1,40,Herbivore
114,2021/08/02 08:20:40,22.91,DC,DC,S_DCH_H1,40,Herbivore
115,2021/08/02 09:20:40,23.25,DC,DC,S_DCH_H1,40,Herbivore
116,2021/08/02 10:20:40,23.25,DC,DC,S_DCH_H1,40,Herbivore
117,2021/08/02 11:20:40,22.95,DC,DC,S_DCH_H1,40,Herbivore
118,2021/08/02 12:20:40,22.95,DC,DC,S_DCH_H1,40,Herbivore
119,2021/08/02 13:20:40,22.91,DC,DC,S_DCH_H1,40,Herbivore
120,2021/08/02 14:20:40,22.56,DC,DC,S_DCH_H1,40,Herbivore
121,2021/08/02 15:20:40,22.65,DC,DC,S_DCH_H1,40,Herbivore
122,2021/08/02 16:20:40,22.61,DC,DC,S_DCH_H1,40,Herbivore
123,2021/08/02 17:20:40,22.61,DC,DC,S_DCH_H1,40,Herbivore
124,2021/08/02 18:20:40,22.82,DC,DC,S_DCH_H1,40,Herbivore
125,2021/08/02 19:20:40,22.95,DC,DC,S_DCH_H1,40,Herbivore
126,2021/08/02 20:20:40,22.91,DC,DC,S_DCH_H1,40,Herbivore
127,2021/08/02 21:20:40,22.91,DC,DC,S_DCH_H1,40,Herbivore
128,2021/08/02 22:20:40,23.03,DC,DC,S_DCH_H1,40,Herbivore
129,2021/08/02 23:20:40,23.03,DC,DC,S_DCH_H1,40,Herbivore
130,2021/08/03 00:20:40,23.08,DC,DC,S_DCH_H1,40,Herbivore
131,2021/08/03 01:20:40,23.12,DC,DC,S_DCH_H1,40,Herbivore
132,2021/08/03 02:20:40,23.12,DC,DC,S_DCH_H1,40,Herbivore
133,2021/08/03 03:20:40,23.08,DC,DC,S_DCH_H1,40,Herbivore
134,2021/08/03 04:20:40,23.08,DC,DC,S_DCH_H1,40,Herbivore
135,2021/08/03 05:20:40,23.29,DC,DC,S_DCH_H1,40,Herbivore
136,2021/08/03 06:20:40,23.68,DC,DC,S_DCH_H1,40,Herbivore
137,2021/08/03 07:20:40,23.76,DC,DC,S_DCH_H1,40,Herbivore
138,2021/08/03 08:20:40,22.69,DC,DC,S_DCH_H1,40,Herbivore
139,2021/08/03 09:20:40,23.12,DC,DC,S_DCH_H1,40,Herbivore
140,2021/08/03 10:20:40,23.03,DC,DC,S_DCH_H1,40,Herbivore
141,2021/08/03 11:20:40,22.73,DC,DC,S_DCH_H1,40,Herbivore
142,2021/08/03 12:20:40,22.69,DC,DC,S_DCH_H1,40,Herbivore
143,2021/08/03 13:20:40,22.65,DC,DC,S_DCH_H1,40,Herbivore
144,2021/08/03 14:20:40,22.56,DC,DC,S_DCH_H1,40,Herbivore
145,2021/08/03 15:20:40,22.65,DC,DC,S_DCH_H1,40,Herbivore
146,2021/08/03 16:20:40,22.52,DC,DC,S_DCH_H1,40,Herbivore
147,2021/08/03 17:20:40,22.61,DC,DC,S_DCH_H1,40,Herbivore
148,2021/08/03 18:20:40,22.99,DC,DC,S_DCH_H1,40,Herbivore
149,2021/08/03 19:20:40,22.95,DC,DC,S_DCH_H1,40,Herbivore
150,2021/08/03 20:20:40,22.95,DC,DC,S_DCH_H1,40,Herbivore
151,2021/08/03 21:20:40,22.86,DC,DC,S_DCH_H1,40,Herbivore
152,2021/08/03 22:20:40,22.91,DC,DC,S_DCH_H1,40,Herbivore
153,2021/08/03 23:20:40,23.03,DC,DC,S_DCH_H1,40,Herbivore
154,2021/08/04 00:20:40,23.03,DC,DC,S_DCH_H1,40,Herbivore
155,2021/08/04 01:20:40,22.99,DC,DC,S_DCH_H1,40,Herbivore
156,2021/08/04 02:20:40,22.99,DC,DC,S_DCH_H1,40,Herbivore
157,2021/08/04 03:20:40,22.99,DC,DC,S_DCH_H1,40,Herbivore
158,2021/08/04 04:20:40,23.03,DC,DC,S_DCH_H1,40,Herbivore
159,2021/08/04 05:20:40,23.08,DC,DC,S_DCH_H1,40,Herbivore
160,2021/08/04 06:20:40,23.03,DC,DC,S_DCH_H1,40,Herbivore
161,2021/08/04 07:20:40,22.99,DC,DC,S_DCH_H1,40,Herbivore
162,2021/08/04 08:20:40,23.25,DC,DC,S_DCH_H1,40,Herbivore
163,2021/08/04 09:20:40,23.34,DC,DC,S_DCH_H1,40,Herbivore
164,2021/08/04 10:20:40,23.25,DC,DC,S_DCH_H1,40,Herbivore
165,2021/08/04 11:20:40,22.95,DC,DC,S_DCH_H1,40,Herbivore
166,2021/08/04 12:20:40,22.95,DC,DC,S_DCH_H1,40,Herbivore
167,2021/08/04 13:20:40,23.12,DC,DC,S_DCH_H1,40,Herbivore
168,2021/08/04 14:20:40,22.69,DC,DC,S_DCH_H1,40,Herbivore
169,2021/08/04 15:20:40,22.82,DC,DC,S_DCH_H1,40,Herbivore
170,2021/08/04 16:20:40,22.82,DC,DC,S_DCH_H1,40,Herbivore
171,2021/08/04 17:20:40,22.86,DC,DC,S_DCH_H1,40,Herbivore
172,2021/08/04 18:20:40,22.82,DC,DC,S_DCH_H1,40,Herbivore
173,2021/08/04 19:20:40,22.99,DC,DC,S_DCH_H1,40,Herbivore
174,2021/08/04 20:20:40,22.99,DC,DC,S_DCH_H1,40,Herbivore
175,2021/08/04 21:20:40,22.91,DC,DC,S_DCH_H1,40,Herbivore
176,2021/08/04 22:20:40,22.99,DC,DC,S_DCH_H1,40,Herbivore
177,2021/08/04 23:20:40,22.95,DC,DC,S_DCH_H1,40,Herbivore
178,2021/08/05 00:20:40,22.99,DC,DC,S_DCH_H1,40,Herbivore
179,2021/08/05 01:20:40,23.08,DC,DC,S_DCH_H1,40,Herbivore
180,2021/08/05 02:20:40,23.03,DC,DC,S_DCH_H1,40,Herbivore
181,2021/08/05 03:20:40,23.03,DC,DC,S_DCH_H1,40,Herbivore
182,2021/08/05 04:20:40,23.12,DC,DC,S_DCH_H1,40,Herbivore
183,2021/08/05 05:20:40,23.03,DC,DC,S_DCH_H1,40,Herbivore
184,2021/08/05 06:20:40,23.08,DC,DC,S_DCH_H1,40,Herbivore
185,2021/08/05 07:20:40,23.03,DC,DC,S_DCH_H1,40,Herbivore
186,2021/08/05 08:20:40,23.16,DC,DC,S_DCH_H1,40,Herbivore
187,2021/08/05 09:20:40,23.12,DC,DC,S_DCH_H1,40,Herbivore
188,2021/08/05 10:20:40,22.69,DC,DC,S_DCH_H1,40,Herbivore
189,2021/08/05 11:20:40,24.11,DC,DC,S_DCH_H1,40,Herbivore
190,2021/08/05 12:20:40,22.39,DC,DC,S_DCH_H1,40,Herbivore
191,2021/08/05 13:20:40,25.39,DC,DC,S_DCH_H1,40,Herbivore
192,2021/08/05 14:20:40,26.42,DC,DC,S_DCH_H1,40,Herbivore
193,2021/08/05 15:20:40,27.67,DC,DC,S_DCH_H1,40,Herbivore
194,2021/08/05 16:20:40,33.12,DC,DC,S_DCH_H1,40,Herbivore
195,2021/08/05 17:20:40,29.77,DC,DC,S_DCH_H1,40,Herbivore
196,2021/08/05 18:20:40,28.18,DC,DC,S_DCH_H1,40,Herbivore
197,2021/08/05 19:20:40,28.53,DC,DC,S_DCH_H1,40,Herbivore
198,2021/08/05 20:20:40,26.94,DC,DC,S_DCH_H1,40,Herbivore
199,2021/08/05 21:20:40,25.44,DC,DC,S_DCH_H1,40,Herbivore
200,2021/08/05 22:20:40,24.11,DC,DC,S_DCH_H1,40,Herbivore
201,2021/08/05 23:20:40,23.08,DC,DC,S_DCH_H1,40,Herbivore
202,2021/08/06 00:20:40,22.56,DC,DC,S_DCH_H1,40,Herbivore
203,2021/08/06 01:20:40,22.09,DC,DC,S_DCH_H1,40,Herbivore
204,2021/08/06 02:20:40,21.06,DC,DC,S_DCH_H1,40,Herbivore
205,2021/08/06 03:20:40,20.16,DC,DC,S_DCH_H1,40,Herbivore
206,2021/08/06 04:20:40,19.86,DC,DC,S_DCH_H1,40,Herbivore
207,2021/08/06 05:20:40,20.03,DC,DC,S_DCH_H1,40,Herbivore
208,2021/08/06 06:20:40,20.07,DC,DC,S_DCH_H1,40,Herbivore
209,2021/08/06 07:20:40,20.50,DC,DC,S_DCH_H1,40,Herbivore
210,2021/08/06 08:20:40,21.36,DC,DC,S_DCH_H1,40,Herbivore
211,2021/08/06 09:20:40,23.55,DC,DC,S_DCH_H1,40,Herbivore
212,2021/08/06 10:20:40,26.55,DC,DC,S_DCH_H1,40,Herbivore
213,2021/08/06 11:20:40,26.51,DC,DC,S_DCH_H1,40,Herbivore
214,2021/08/06 12:20:40,27.93,DC,DC,S_DCH_H1,40,Herbivore
215,2021/08/06 13:20:40,33.25,DC,DC,S_DCH_H1,40,Herbivore
216,2021/08/06 14:20:40,34.57,DC,DC,S_DCH_H1,40,Herbivore
217,2021/08/06 15:20:40,29.21,DC,DC,S_DCH_H1,40,Herbivore
218,2021/08/06 16:20:40,27.80,DC,DC,S_DCH_H1,40,Herbivore
219,2021/08/06 17:20:40,29.86,DC,DC,S_DCH_H1,40,Herbivore
220,2021/08/06 18:20:40,31.57,DC,DC,S_DCH_H1,40,Herbivore
221,2021/08/06 19:20:40,30.24,DC,DC,S_DCH_H1,40,Herbivore
222,2021/08/06 20:20:40,29.30,DC,DC,S_DCH_H1,40,Herbivore
223,2021/08/06 21:20:40,28.23,DC,DC,S_DCH_H1,40,Herbivore
224,2021/08/06 22:20:40,27.24,DC,DC,S_DCH_H1,40,Herbivore
225,2021/08/06 23:20:40,26.38,DC,DC,S_DCH_H1,40,Herbivore
226,2021/08/07 00:20:40,25.44,DC,DC,S_DCH_H1,40,Herbivore
227,2021/08/07 01:20:40,24.49,DC,DC,S_DCH_H1,40,Herbivore
228,2021/08/07 02:20:40,23.64,DC,DC,S_DCH_H1,40,Herbivore
229,2021/08/07 03:20:40,22.78,DC,DC,S_DCH_H1,40,Herbivore
230,2021/08/07 04:20:40,22.09,DC,DC,S_DCH_H1,40,Herbivore
231,2021/08/07 05:20:40,21.58,DC,DC,S_DCH_H1,40,Herbivore
232,2021/08/07 06:20:40,21.02,DC,DC,S_DCH_H1,40,Herbivore
233,2021/08/07 07:20:40,20.80,DC,DC,S_DCH_H1,40,Herbivore
234,2021/08/07 08:20:40,21.02,DC,DC,S_DCH_H1,40,Herbivore
235,2021/08/07 09:20:40,21.92,DC,DC,S_DCH_H1,40,Herbivore
236,2021/08/07 10:20:40,23.38,DC,DC,S_DCH_H1,40,Herbivore
237,2021/08/07 11:20:40,25.87,DC,DC,S_DCH_H1,40,Herbivore
238,2021/08/07 12:20:40,29.30,DC,DC,S_DCH_H1,40,Herbivore
239,2021/08/07 13:20:40,32.04,DC,DC,S_DCH_H1,40,Herbivore
240,2021/08/07 14:20:40,31.96,DC,DC,S_DCH_H1,40,Herbivore
241,2021/08/07 15:20:40,26.55,DC,DC,S_DCH_H1,40,Herbivore
242,2021/08/07 16:20:40,26.21,DC,DC,S_DCH_H1,40,Herbivore
243,2021/08/07 17:20:40,23.81,DC,DC,S_DCH_H1,40,Herbivore
244,2021/08/07 18:20:40,28.35,DC,DC,S_DCH_H1,40,Herbivore
245,2021/08/07 19:20:40,22.78,DC,DC,S_DCH_H1,40,Herbivore
246,2021/08/07 20:20:40,23.38,DC,DC,S_DCH_H1,40,Herbivore
247,2021/08/07 21:20:40,21.75,DC,DC,S_DCH_H1,40,Herbivore
248,2021/08/07 22:20:40,22.35,DC,DC,S_DCH_H1,40,Herbivore
249,2021/08/07 23:20:40,23.38,DC,DC,S_DCH_H1,40,Herbivore
250,2021/08/08 00:20:40,24.28,DC,DC,S_DCH_H1,40,Herbivore
251,2021/08/08 01:20:40,24.45,DC,DC,S_DCH_H1,40,Herbivore
252,2021/08/08 02:20:40,24.15,DC,DC,S_DCH_H1,40,Herbivore
253,2021/08/08 03:20:40,23.72,DC,DC,S_DCH_H1,40,Herbivore
254,2021/08/08 04:20:40,23.38,DC,DC,S_DCH_H1,40,Herbivore
255,2021/08/08 05:20:40,23.03,DC,DC,S_DCH_H1,40,Herbivore
256,2021/08/08 06:20:40,22.69,DC,DC,S_DCH_H1,40,Herbivore
257,2021/08/08 07:20:40,22.39,DC,DC,S_DCH_H1,40,Herbivore
258,2021/08/08 08:20:40,22.86,DC,DC,S_DCH_H1,40,Herbivore
259,2021/08/08 09:20:40,25.57,DC,DC,S_DCH_H1,40,Herbivore
260,2021/08/08 10:20:40,28.44,DC,DC,S_DCH_H1,40,Herbivore
261,2021/08/08 11:20:40,34.02,DC,DC,S_DCH_H1,40,Herbivore
262,2021/08/08 12:20:40,38.18,DC,DC,S_DCH_H1,40,Herbivore
263,2021/08/08 13:20:40,42.94,DC,DC,S_DCH_H1,40,Herbivore
264,2021/08/08 14:20:40,44.01,DC,DC,S_DCH_H1,40,Herbivore
265,2021/08/08 15:20:40,46.12,DC,DC,S_DCH_H1,40,Herbivore
266,2021/08/08 16:20:40,45.69,DC,DC,S_DCH_H1,40,Herbivore
267,2021/08/08 17:20:40,36.42,DC,DC,S_DCH_H1,40,Herbivore
268,2021/08/08 18:20:40,32.94,DC,DC,S_DCH_H1,40,Herbivore
269,2021/08/08 19:20:40,29.13,DC,DC,S_DCH_H1,40,Herbivore
270,2021/08/08 20:20:40,28.01,DC,DC,S_DCH_H1,40,Herbivore
271,2021/08/08 21:20:40,27.71,DC,DC,S_DCH_H1,40,Herbivore
272,2021/08/08 22:20:40,27.88,DC,DC,S_DCH_H1,40,Herbivore
273,2021/08/08 23:20:40,27.28,DC,DC,S_DCH_H1,40,Herbivore
274,2021/08/09 00:20:40,26.30,DC,DC,S_DCH_H1,40,Herbivore
275,2021/08/09 01:20:40,25.48,DC,DC,S_DCH_H1,40,Herbivore
276,2021/08/09 02:20:40,24.71,DC,DC,S_DCH_H1,40,Herbivore
277,2021/08/09 03:20:40,24.06,DC,DC,S_DCH_H1,40,Herbivore
278,2021/08/09 04:20:40,23.38,DC,DC,S_DCH_H1,40,Herbivore
279,2021/08/09 05:20:40,22.73,DC,DC,S_DCH_H1,40,Herbivore
280,2021/08/09 06:20:40,22.05,DC,DC,S_DCH_H1,40,Herbivore
281,2021/08/09 07:20:40,21.58,DC,DC,S_DCH_H1,40,Herbivore
282,2021/08/09 08:20:40,23.81,DC,DC,S_DCH_H1,40,Herbivore
283,2021/08/09 09:20:40,28.31,DC,DC,S_DCH_H1,40,Herbivore
284,2021/08/09 10:20:40,31.23,DC,DC,S_DCH_H1,40,Herbivore
285,2021/08/09 11:20:40,33.76,DC,DC,S_DCH_H1,40,Herbivore
286,2021/08/09 12:20:40,36.38,DC,DC,S_DCH_H1,40,Herbivore
287,2021/08/09 13:20:40,32.64,DC,DC,S_DCH_H1,40,Herbivore
288,2021/08/09 14:20:40,32.69,DC,DC,S_DCH_H1,40,Herbivore
289,2021/08/09 15:20:40,35.90,DC,DC,S_DCH_H1,40,Herbivore
290,2021/08/09 16:20:40,39.98,DC,DC,S_DCH_H1,40,Herbivore
291,2021/08/09 17:20:40,42.04,DC,DC,S_DCH_H1,40,Herbivore
292,2021/08/09 18:20:40,35.82,DC,DC,S_DCH_H1,40,Herbivore
293,2021/08/09 19:20:40,34.36,DC,DC,S_DCH_H1,40,Herbivore
294,2021/08/09 20:20:40,29.13,DC,DC,S_DCH_H1,40,Herbivore
295,2021/08/09 21:20:40,29.38,DC,DC,S_DCH_H1,40,Herbivore
296,2021/08/09 22:20:40,28.31,DC,DC,S_DCH_H1,40,Herbivore
297,2021/08/09 23:20:40,27.07,DC,DC,S_DCH_H1,40,Herbivore
298,2021/08/10 00:20:40,25.99,DC,DC,S_DCH_H1,40,Herbivore
299,2021/08/10 01:20:40,25.18,DC,DC,S_DCH_H1,40,Herbivore
300,2021/08/10 02:20:40,24.41,DC,DC,S_DCH_H1,40,Herbivore
301,2021/08/10 03:20:40,23.68,DC,DC,S_DCH_H1,40,Herbivore
302,2021/08/10 04:20:40,23.03,DC,DC,S_DCH_H1,40,Herbivore
303,2021/08/10 05:20:40,22.48,DC,DC,S_DCH_H1,40,Herbivore
304,2021/08/10 06:20:40,21.96,DC,DC,S_DCH_H1,40,Herbivore
305,2021/08/10 07:20:40,21.96,DC,DC,S_DCH_H1,40,Herbivore
306,2021/08/10 08:20:40,23.08,DC,DC,S_DCH_H1,40,Herbivore
307,2021/08/10 09:20:40,22.26,DC,DC,S_DCH_H1,40,Herbivore
308,2021/08/10 10:20:40,25.69,DC,DC,S_DCH_H1,40,Herbivore
309,2021/08/10 11:20:40,27.32,DC,DC,S_DCH_H1,40,Herbivore
310,2021/08/10 12:20:40,29.90,DC,DC,S_DCH_H1,40,Herbivore
311,2021/08/10 13:20:40,21.66,DC,DC,S_DCH_H1,40,Herbivore
312,2021/08/10 14:20:40,19.82,DC,DC,S_DCH_H1,40,Herbivore
313,2021/08/10 15:20:40,21.58,DC,DC,S_DCH_H1,40,Herbivore
314,2021/08/10 16:20:40,18.96,DC,DC,S_DCH_H1,40,Herbivore
315,2021/08/10 17:20:40,20.16,DC,DC,S_DCH_H1,40,Herbivore
316,2021/08/10 18:20:40,26.55,DC,DC,S_DCH_H1,40,Herbivore
317,2021/08/10 19:20:40,27.71,DC,DC,S_DCH_H1,40,Herbivore
318,2021/08/10 20:20:40,27.11,DC,DC,S_DCH_H1,40,Herbivore
319,2021/08/10 21:20:40,27.32,DC,DC,S_DCH_H1,40,Herbivore
320,2021/08/10 22:20:40,26.94,DC,DC,S_DCH_H1,40,Herbivore
321,2021/08/10 23:20:40,26.30,DC,DC,S_DCH_H1,40,Herbivore
322,2021/08/11 00:20:40,25.74,DC,DC,S_DCH_H1,40,Herbivore
323,2021/08/11 01:20:40,25.05,DC,DC,S_DCH_H1,40,Herbivore
324,2021/08/11 02:20:40,24.45,DC,DC,S_DCH_H1,40,Herbivore
325,2021/08/11 03:20:40,23.94,DC,DC,S_DCH_H1,40,Herbivore
326,2021/08/11 04:20:40,23.64,DC,DC,S_DCH_H1,40,Herbivore
327,2021/08/11 05:20:40,23.29,DC,DC,S_DCH_H1,40,Herbivore
328,2021/08/11 06:20:40,23.08,DC,DC,S_DCH_H1,40,Herbivore
329,2021/08/11 07:20:40,22.95,DC,DC,S_DCH_H1,40,Herbivore
330,2021/08/11 08:20:40,20.80,DC,DC,S_DCH_H1,40,Herbivore
331,2021/08/11 09:20:40,23.38,DC,DC,S_DCH_H1,40,Herbivore
332,2021/08/11 10:20:40,28.10,DC,DC,S_DCH_H1,40,Herbivore
333,2021/08/11 11:20:40,34.79,DC,DC,S_DCH_H1,40,Herbivore
334,2021/08/11 12:20:40,35.35,DC,DC,S_DCH_H1,40,Herbivore
335,2021/08/11 13:20:40,33.76,DC,DC,S_DCH_H1,40,Herbivore
336,2021/08/11 14:20:40,37.41,DC,DC,S_DCH_H1,40,Herbivore
337,2021/08/11 15:20:40,28.74,DC,DC,S_DCH_H1,40,Herbivore
338,2021/08/11 16:20:40,33.25,DC,DC,S_DCH_H1,40,Herbivore
339,2021/08/11 17:20:40,33.50,DC,DC,S_DCH_H1,40,Herbivore
340,2021/08/11 18:20:40,27.93,DC,DC,S_DCH_H1,40,Herbivore
341,2021/08/11 19:20:40,30.28,DC,DC,S_DCH_H1,40,Herbivore
342,2021/08/11 20:20:40,30.33,DC,DC,S_DCH_H1,40,Herbivore
343,2021/08/11 21:20:40,25.99,DC,DC,S_DCH_H1,40,Herbivore
344,2021/08/11 22:20:40,26.47,DC,DC,S_DCH_H1,40,Herbivore
345,2021/08/11 23:20:40,28.01,DC,DC,S_DCH_H1,40,Herbivore
346,2021/08/12 00:20:40,27.75,DC,DC,S_DCH_H1,40,Herbivore
347,2021/08/12 01:20:40,27.02,DC,DC,S_DCH_H1,40,Herbivore
348,2021/08/12 02:20:40,26.21,DC,DC,S_DCH_H1,40,Herbivore
349,2021/08/12 03:20:40,25.69,DC,DC,S_DCH_H1,40,Herbivore
350,2021/08/12 04:20:40,25.18,DC,DC,S_DCH_H1,40,Herbivore
351,2021/08/12 05:20:40,24.84,DC,DC,S_DCH_H1,40,Herbivore
352,2021/08/12 06:20:40,24.49,DC,DC,S_DCH_H1,40,Herbivore
353,2021/08/12 07:20:40,24.32,DC,DC,S_DCH_H1,40,Herbivore
354,2021/08/12 08:20:40,24.02,DC,DC,S_DCH_H1,40,Herbivore
355,2021/08/12 09:20:40,26.85,DC,DC,S_DCH_H1,40,Herbivore
356,2021/08/12 10:20:40,30.03,DC,DC,S_DCH_H1,40,Herbivore
357,2021/08/12 11:20:40,34.45,DC,DC,S_DCH_H1,40,Herbivore
358,2021/08/12 12:20:40,39.04,DC,DC,S_DCH_H1,40,Herbivore
359,2021/08/12 13:20:40,34.32,DC,DC,S_DCH_H1,40,Herbivore
360,2021/08/12 14:20:40,24.36,DC,DC,S_DCH_H1,40,Herbivore
361,2021/08/12 15:20:40,35.26,DC,DC,S_DCH_H1,40,Herbivore
362,2021/08/12 16:20:40,39.85,DC,DC,S_DCH_H1,40,Herbivore
363,2021/08/12 17:20:40,39.55,DC,DC,S_DCH_H1,40,Herbivore
364,2021/08/12 18:20:40,38.35,DC,DC,S_DCH_H1,40,Herbivore
365,2021/08/12 19:20:40,35.82,DC,DC,S_DCH_H1,40,Herbivore
366,2021/08/12 20:20:40,33.33,DC,DC,S_DCH_H1,40,Herbivore
367,2021/08/12 21:20:40,30.97,DC,DC,S_DCH_H1,40,Herbivore
368,2021/08/12 22:20:40,24.75,DC,DC,S_DCH_H1,40,Herbivore
369,2021/08/12 23:20:40,25.61,DC,DC,S_DCH_H1,40,Herbivore
370,2021/08/13 00:20:40,26.42,DC,DC,S_DCH_H1,40,Herbivore
371,2021/08/13 01:20:40,26.51,DC,DC,S_DCH_H1,40,Herbivore
372,2021/08/13 02:20:40,26.12,DC,DC,S_DCH_H1,40,Herbivore
373,2021/08/13 03:20:40,25.61,DC,DC,S_DCH_H1,40,Herbivore
374,2021/08/13 04:20:40,25.09,DC,DC,S_DCH_H1,40,Herbivore
375,2021/08/13 05:20:40,24.66,DC,DC,S_DCH_H1,40,Herbivore
376,2021/08/13 06:20:40,24.19,DC,DC,S_DCH_H1,40,Herbivore
377,2021/08/13 07:20:40,23.76,DC,DC,S_DCH_H1,40,Herbivore
378,2021/08/13 08:20:40,23.64,DC,DC,S_DCH_H1,40,Herbivore
379,2021/08/13 09:20:40,23.81,DC,DC,S_DCH_H1,40,Herbivore
380,2021/08/13 10:20:40,24.36,DC,DC,S_DCH_H1,40,Herbivore
381,2021/08/13 11:20:40,25.14,DC,DC,S_DCH_H1,40,Herbivore
382,2021/08/13 12:20:40,26.68,DC,DC,S_DCH_H1,40,Herbivore
383,2021/08/13 13:20:40,29.77,DC,DC,S_DCH_H1,40,Herbivore
384,2021/08/13 14:20:40,33.93,DC,DC,S_DCH_H1,40,Herbivore
385,2021/08/13 15:20:40,37.19,DC,DC,S_DCH_H1,40,Herbivore
386,2021/08/13 16:20:40,37.75,DC,DC,S_DCH_H1,40,Herbivore
387,2021/08/13 17:20:40,37.11,DC,DC,S_DCH_H1,40,Herbivore
388,2021/08/13 18:20:40,34.75,DC,DC,S_DCH_H1,40,Herbivore
389,2021/08/13 19:20:40,32.17,DC,DC,S_DCH_H1,40,Herbivore
390,2021/08/13 20:20:40,32.77,DC,DC,S_DCH_H1,40,Herbivore
391,2021/08/13 21:20:40,30.71,DC,DC,S_DCH_H1,40,Herbivore
392,2021/08/13 22:20:40,30.89,DC,DC,S_DCH_H1,40,Herbivore
393,2021/08/13 23:20:40,30.11,DC,DC,S_DCH_H1,40,Herbivore
394,2021/08/14 00:20:40,28.95,DC,DC,S_DCH_H1,40,Herbivore
395,2021/08/14 01:20:40,27.88,DC,DC,S_DCH_H1,40,Herbivore
396,2021/08/14 02:20:40,27.11,DC,DC,S_DCH_H1,40,Herbivore
397,2021/08/14 03:20:40,26.42,DC,DC,S_DCH_H1,40,Herbivore
398,2021/08/14 04:20:40,25.91,DC,DC,S_DCH_H1,40,Herbivore
399,2021/08/14 05:20:40,25.44,DC,DC,S_DCH_H1,40,Herbivore
400,2021/08/14 06:20:40,25.01,DC,DC,S_DCH_H1,40,Herbivore
401,2021/08/14 07:20:40,24.62,DC,DC,S_DCH_H1,40,Herbivore
402,2021/08/14 08:20:40,24.58,DC,DC,S_DCH_H1,40,Herbivore
403,2021/08/14 09:20:40,25.52,DC,DC,S_DCH_H1,40,Herbivore
404,2021/08/14 10:20:40,26.85,DC,DC,S_DCH_H1,40,Herbivore
405,2021/08/14 11:20:40,27.84,DC,DC,S_DCH_H1,40,Herbivore
406,2021/08/14 12:20:40,28.14,DC,DC,S_DCH_H1,40,Herbivore
407,2021/08/14 13:20:40,30.07,DC,DC,S_DCH_H1,40,Herbivore
408,2021/08/14 14:20:40,32.39,DC,DC,S_DCH_H1,40,Herbivore
409,2021/08/14 15:20:40,33.63,DC,DC,S_DCH_H1,40,Herbivore
410,2021/08/14 16:20:40,33.67,DC,DC,S_DCH_H1,40,Herbivore
411,2021/08/14 17:20:40,32.73,DC,DC,S_DCH_H1,40,Herbivore
412,2021/08/14 18:20:40,31.36,DC,DC,S_DCH_H1,40,Herbivore
413,2021/08/14 19:20:40,29.98,DC,DC,S_DCH_H1,40,Herbivore
414,2021/08/14 20:20:40,28.53,DC,DC,S_DCH_H1,40,Herbivore
415,2021/08/14 21:20:40,26.90,DC,DC,S_DCH_H1,40,Herbivore
416,2021/08/14 22:20:40,25.48,DC,DC,S_DCH_H1,40,Herbivore
417,2021/08/14 23:20:40,24.32,DC,DC,S_DCH_H1,40,Herbivore
418,2021/08/15 00:20:40,23.59,DC,DC,S_DCH_H1,40,Herbivore
419,2021/08/15 01:20:40,23.12,DC,DC,S_DCH_H1,40,Herbivore
420,2021/08/15 02:20:40,22.73,DC,DC,S_DCH_H1,40,Herbivore
421,2021/08/15 03:20:40,22.31,DC,DC,S_DCH_H1,40,Herbivore
422,2021/08/15 04:20:40,21.66,DC,DC,S_DCH_H1,40,Herbivore
423,2021/08/15 05:20:40,20.89,DC,DC,S_DCH_H1,40,Herbivore
424,2021/08/15 06:20:40,20.12,DC,DC,S_DCH_H1,40,Herbivore
425,2021/08/15 07:20:40,19.43,DC,DC,S_DCH_H1,40,Herbivore
426,2021/08/15 08:20:40,19.05,DC,DC,S_DCH_H1,40,Herbivore
427,2021/08/15 09:20:40,19.13,DC,DC,S_DCH_H1,40,Herbivore
428,2021/08/15 10:20:40,20.12,DC,DC,S_DCH_H1,40,Herbivore
429,2021/08/15 11:20:40,21.66,DC,DC,S_DCH_H1,40,Herbivore
430,2021/08/15 12:20:40,25.18,DC,DC,S_DCH_H1,40,Herbivore
431,2021/08/15 13:20:40,26.55,DC,DC,S_DCH_H1,40,Herbivore
432,2021/08/15 14:20:40,26.17,DC,DC,S_DCH_H1,40,Herbivore
433,2021/08/15 15:20:40,26.42,DC,DC,S_DCH_H1,40,Herbivore
434,2021/08/15 16:20:40,28.91,DC,DC,S_DCH_H1,40,Herbivore
435,2021/08/15 17:20:40,29.17,DC,DC,S_DCH_H1,40,Herbivore
436,2021/08/15 18:20:40,29.00,DC,DC,S_DCH_H1,40,Herbivore
437,2021/08/15 19:20:40,25.87,DC,DC,S_DCH_H1,40,Herbivore
438,2021/08/15 20:20:40,23.16,DC,DC,S_DCH_H1,40,Herbivore
439,2021/08/15 21:20:40,22.52,DC,DC,S_DCH_H1,40,Herbivore
440,2021/08/15 22:20:40,22.01,DC,DC,S_DCH_H1,40,Herbivore
441,2021/08/15 23:20:40,20.85,DC,DC,S_DCH_H1,40,Herbivore
442,2021/08/16 00:20:40,19.22,DC,DC,S_DCH_H1,40,Herbivore
443,2021/08/16 01:20:40,17.63,DC,DC,S_DCH_H1,40,Herbivore
444,2021/08/16 02:20:40,16.34,DC,DC,S_DCH_H1,40,Herbivore
445,2021/08/16 03:20:40,15.14,DC,DC,S_DCH_H1,40,Herbivore
446,2021/08/16 04:20:40,14.41,DC,DC,S_DCH_H1,40,Herbivore
447,2021/08/16 05:20:40,13.94,DC,DC,S_DCH_H1,40,Herbivore
448,2021/08/16 06:20:40,13.43,DC,DC,S_DCH_H1,40,Herbivore
449,2021/08/16 07:20:40,13.30,DC,DC,S_DCH_H1,40,Herbivore
450,2021/08/16 08:20:40,13.73,DC,DC,S_DCH_H1,40,Herbivore
451,2021/08/16 09:20:40,15.44,DC,DC,S_DCH_H1,40,Herbivore
452,2021/08/16 10:20:40,17.03,DC,DC,S_DCH_H1,40,Herbivore
453,2021/08/16 11:20:40,22.09,DC,DC,S_DCH_H1,40,Herbivore
454,2021/08/16 12:20:40,27.11,DC,DC,S_DCH_H1,40,Herbivore
455,2021/08/16 13:20:40,28.18,DC,DC,S_DCH_H1,40,Herbivore
456,2021/08/16 14:20:40,30.67,DC,DC,S_DCH_H1,40,Herbivore
457,2021/08/16 15:20:40,32.64,DC,DC,S_DCH_H1,40,Herbivore
458,2021/08/16 16:20:40,34.27,DC,DC,S_DCH_H1,40,Herbivore
459,2021/08/16 17:20:40,30.24,DC,DC,S_DCH_H1,40,Herbivore
460,2021/08/16 18:20:40,28.01,DC,DC,S_DCH_H1,40,Herbivore
461,2021/08/16 19:20:40,20.42,DC,DC,S_DCH_H1,40,Herbivore
462,2021/08/16 20:20:40,16.47,DC,DC,S_DCH_H1,40,Herbivore
463,2021/08/16 21:20:40,14.33,DC,DC,S_DCH_H1,40,Herbivore
464,2021/08/16 22:20:40,13.94,DC,DC,S_DCH_H1,40,Herbivore
465,2021/08/16 23:20:40,13.12,DC,DC,S_DCH_H1,40,Herbivore
466,2021/08/17 00:20:40,12.57,DC,DC,S_DCH_H1,40,Herbivore
467,2021/08/17 01:20:40,11.97,DC,DC,S_DCH_H1,40,Herbivore
468,2021/08/17 02:20:40,12.70,DC,DC,S_DCH_H1,40,Herbivore
469,2021/08/17 03:20:40,13.77,DC,DC,S_DCH_H1,40,Herbivore
470,2021/08/17 04:20:40,13.51,DC,DC,S_DCH_H1,40,Herbivore
471,2021/08/17 05:20:40,13.60,DC,DC,S_DCH_H1,40,Herbivore
472,2021/08/17 06:20:40,13.64,DC,DC,S_DCH_H1,40,Herbivore
473,2021/08/17 07:20:40,13.98,DC,DC,S_DCH_H1,40,Herbivore
474,2021/08/17 08:20:40,15.83,DC,DC,S_DCH_H1,40,Herbivore
475,2021/08/17 09:20:40,18.02,DC,DC,S_DCH_H1,40,Herbivore
476,2021/08/17 10:20:40,20.80,DC,DC,S_DCH_H1,40,Herbivore
477,2021/08/17 11:20:40,25.78,DC,DC,S_DCH_H1,40,Herbivore
478,2021/08/17 12:20:40,25.61,DC,DC,S_DCH_H1,40,Herbivore
479,2021/08/17 13:20:40,25.18,DC,DC,S_DCH_H1,40,Herbivore
480,2021/08/17 14:20:40,26.90,DC,DC,S_DCH_H1,40,Herbivore
481,2021/08/17 15:20:40,25.48,DC,DC,S_DCH_H1,40,Herbivore
482,2021/08/17 16:20:40,23.38,DC,DC,S_DCH_H1,40,Herbivore
483,2021/08/17 17:20:40,23.59,DC,DC,S_DCH_H1,40,Herbivore
484,2021/08/17 18:20:40,22.43,DC,DC,S_DCH_H1,40,Herbivore
485,2021/08/17 19:20:40,21.19,DC,DC,S_DCH_H1,40,Herbivore
486,2021/08/17 20:20:40,20.55,DC,DC,S_DCH_H1,40,Herbivore
487,2021/08/17 21:20:40,20.37,DC,DC,S_DCH_H1,40,Herbivore
488,2021/08/17 22:20:40,20.33,DC,DC,S_DCH_H1,40,Herbivore
489,2021/08/17 23:20:40,19.82,DC,DC,S_DCH_H1,40,Herbivore
490,2021/08/18 00:20:40,19.86,DC,DC,S_DCH_H1,40,Herbivore
491,2021/08/18 01:20:40,19.56,DC,DC,S_DCH_H1,40,Herbivore
492,2021/08/18 02:20:40,19.35,DC,DC,S_DCH_H1,40,Herbivore
493,2021/08/18 03:20:40,19.26,DC,DC,S_DCH_H1,40,Herbivore
494,2021/08/18 04:20:40,19.05,DC,DC,S_DCH_H1,40,Herbivore
495,2021/08/18 05:20:40,18.92,DC,DC,S_DCH_H1,40,Herbivore
496,2021/08/18 06:20:40,19.22,DC,DC,S_DCH_H1,40,Herbivore
497,2021/08/18 07:20:40,20.63,DC,DC,S_DCH_H1,40,Herbivore
498,2021/08/18 08:20:40,21.23,DC,DC,S_DCH_H1,40,Herbivore
499,2021/08/18 09:20:40,23.29,DC,DC,S_DCH_H1,40,Herbivore
500,2021/08/18 10:20:40,24.84,DC,DC,S_DCH_H1,40,Herbivore
501,2021/08/18 11:20:40,26.90,DC,DC,S_DCH_H1,40,Herbivore
502,2021/08/18 12:20:40,26.25,DC,DC,S_DCH_H1,40,Herbivore
503,2021/08/18 13:20:40,30.46,DC,DC,S_DCH_H1,40,Herbivore
504,2021/08/18 14:20:40,29.60,DC,DC,S_DCH_H1,40,Herbivore
505,2021/08/18 15:20:40,27.41,DC,DC,S_DCH_H1,40,Herbivore
506,2021/08/18 16:20:40,25.31,DC,DC,S_DCH_H1,40,Herbivore
507,2021/08/18 17:20:40,25.09,DC,DC,S_DCH_H1,40,Herbivore
508,2021/08/18 18:20:40,24.06,DC,DC,S_DCH_H1,40,Herbivore
509,2021/08/18 19:20:40,22.43,DC,DC,S_DCH_H1,40,Herbivore
510,2021/08/18 20:20:40,21.19,DC,DC,S_DCH_H1,40,Herbivore
511,2021/08/18 21:20:40,20.80,DC,DC,S_DCH_H1,40,Herbivore
512,2021/08/18 22:20:40,20.33,DC,DC,S_DCH_H1,40,Herbivore
513,2021/08/18 23:20:40,20.20,DC,DC,S_DCH_H1,40,Herbivore
514,2021/08/19 00:20:40,20.46,DC,DC,S_DCH_H1,40,Herbivore
515,2021/08/19 01:20:40,20.63,DC,DC,S_DCH_H1,40,Herbivore
516,2021/08/19 02:20:40,20.37,DC,DC,S_DCH_H1,40,Herbivore
517,2021/08/19 03:20:40,20.20,DC,DC,S_DCH_H1,40,Herbivore
518,2021/08/19 04:20:40,20.29,DC,DC,S_DCH_H1,40,Herbivore
519,2021/08/19 05:20:40,20.42,DC,DC,S_DCH_H1,40,Herbivore
520,2021/08/19 06:20:40,20.33,DC,DC,S_DCH_H1,40,Herbivore
521,2021/08/19 07:20:40,20.72,DC,DC,S_DCH_H1,40,Herbivore
522,2021/08/19 08:20:40,20.80,DC,DC,S_DCH_H1,40,Herbivore
523,2021/08/19 09:20:40,21.28,DC,DC,S_DCH_H1,40,Herbivore
524,2021/08/19 10:20:40,21.79,DC,DC,S_DCH_H1,40,Herbivore
525,2021/08/19 11:20:40,21.88,DC,DC,S_DCH_H1,40,Herbivore
526,2021/08/19 12:20:40,22.91,DC,DC,S_DCH_H1,40,Herbivore
527,2021/08/19 13:20:40,21.88,DC,DC,S_DCH_H1,40,Herbivore
528,2021/08/19 14:20:40,22.99,DC,DC,S_DCH_H1,40,Herbivore
529,2021/08/19 15:20:40,22.22,DC,DC,S_DCH_H1,40,Herbivore
530,2021/08/19 16:20:40,22.35,DC,DC,S_DCH_H1,40,Herbivore
531,2021/08/19 17:20:40,22.78,DC,DC,S_DCH_H1,40,Herbivore
532,2021/08/19 18:20:40,21.88,DC,DC,S_DCH_H1,40,Herbivore
533,2021/08/19 19:20:40,21.10,DC,DC,S_DCH_H1,40,Herbivore
534,2021/08/19 20:20:40,20.80,DC,DC,S_DCH_H1,40,Herbivore
535,2021/08/19 21:20:40,20.85,DC,DC,S_DCH_H1,40,Herbivore
536,2021/08/19 22:20:40,20.72,DC,DC,S_DCH_H1,40,Herbivore
537,2021/08/19 23:20:40,20.68,DC,DC,S_DCH_H1,40,Herbivore
538,2021/08/20 00:20:40,20.59,DC,DC,S_DCH_H1,40,Herbivore
539,2021/08/20 01:20:40,20.50,DC,DC,S_DCH_H1,40,Herbivore
540,2021/08/20 02:20:40,20.42,DC,DC,S_DCH_H1,40,Herbivore
541,2021/08/20 03:20:40,20.33,DC,DC,S_DCH_H1,40,Herbivore
542,2021/08/20 04:20:40,20.25,DC,DC,S_DCH_H1,40,Herbivore
543,2021/08/20 05:20:40,20.25,DC,DC,S_DCH_H1,40,Herbivore
544,2021/08/20 06:20:40,20.16,DC,DC,S_DCH_H1,40,Herbivore
545,2021/08/20 07:20:40,20.98,DC,DC,S_DCH_H1,40,Herbivore
546,2021/08/20 08:20:40,21.96,DC,DC,S_DCH_H1,40,Herbivore
547,2021/08/20 09:20:40,23.51,DC,DC,S_DCH_H1,40,Herbivore
548,2021/08/20 10:20:40,25.65,DC,DC,S_DCH_H1,40,Herbivore
549,2021/08/20 11:20:40,26.08,DC,DC,S_DCH_H1,40,Herbivore
550,2021/08/20 12:20:40,29.30,DC,DC,S_DCH_H1,40,Herbivore
551,2021/08/20 13:20:40,30.24,DC,DC,S_DCH_H1,40,Herbivore
552,2021/08/20 14:20:40,32.30,DC,DC,S_DCH_H1,40,Herbivore
553,2021/08/20 15:20:40,35.56,DC,DC,S_DCH_H1,40,Herbivore
554,2021/08/20 16:20:40,34.49,DC,DC,S_DCH_H1,40,Herbivore
555,2021/08/20 17:20:40,34.06,DC,DC,S_DCH_H1,40,Herbivore
556,2021/08/20 18:20:40,26.98,DC,DC,S_DCH_H1,40,Herbivore
557,2021/08/20 19:20:40,23.98,DC,DC,S_DCH_H1,40,Herbivore
558,2021/08/20 20:20:40,21.96,DC,DC,S_DCH_H1,40,Herbivore
559,2021/08/20 21:20:40,21.32,DC,DC,S_DCH_H1,40,Herbivore
560,2021/08/20 22:20:40,20.76,DC,DC,S_DCH_H1,40,Herbivore
561,2021/08/20 23:20:40,20.25,DC,DC,S_DCH_H1,40,Herbivore
562,2021/08/21 00:20:40,20.03,DC,DC,S_DCH_H1,40,Herbivore
563,2021/08/21 01:20:40,20.07,DC,DC,S_DCH_H1,40,Herbivore
564,2021/08/21 02:20:40,20.33,DC,DC,S_DCH_H1,40,Herbivore
565,2021/08/21 03:20:40,20.98,DC,DC,S_DCH_H1,40,Herbivore
566,2021/08/21 04:20:40,21.15,DC,DC,S_DCH_H1,40,Herbivore
567,2021/08/21 05:20:40,21.19,DC,DC,S_DCH_H1,40,Herbivore
568,2021/08/21 06:20:40,21.15,DC,DC,S_DCH_H1,40,Herbivore
569,2021/08/21 07:20:40,21.58,DC,DC,S_DCH_H1,40,Herbivore
570,2021/08/21 08:20:40,22.26,DC,DC,S_DCH_H1,40,Herbivore
571,2021/08/21 09:20:40,23.25,DC,DC,S_DCH_H1,40,Herbivore
572,2021/08/21 10:20:40,24.24,DC,DC,S_DCH_H1,40,Herbivore
573,2021/08/21 11:20:40,29.04,DC,DC,S_DCH_H1,40,Herbivore
574,2021/08/21 12:20:40,29.00,DC,DC,S_DCH_H1,40,Herbivore
575,2021/08/21 13:20:40,29.51,DC,DC,S_DCH_H1,40,Herbivore
576,2021/08/21 14:20:40,27.37,DC,DC,S_DCH_H1,40,Herbivore
577,2021/08/21 15:20:40,32.26,DC,DC,S_DCH_H1,40,Herbivore
578,2021/08/21 16:20:40,30.71,DC,DC,S_DCH_H1,40,Herbivore
579,2021/08/21 17:20:40,27.84,DC,DC,S_DCH_H1,40,Herbivore
580,2021/08/21 18:20:40,27.71,DC,DC,S_DCH_H1,40,Herbivore
581,2021/08/21 19:20:40,24.54,DC,DC,S_DCH_H1,40,Herbivore
582,2021/08/21 20:20:40,23.12,DC,DC,S_DCH_H1,40,Herbivore
583,2021/08/21 21:20:40,22.01,DC,DC,S_DCH_H1,40,Herbivore
584,2021/08/21 22:20:40,22.22,DC,DC,S_DCH_H1,40,Herbivore
585,2021/08/21 23:20:40,22.48,DC,DC,S_DCH_H1,40,Herbivore
586,2021/08/22 00:20:40,22.39,DC,DC,S_DCH_H1,40,Herbivore
587,2021/08/22 01:20:40,22.31,DC,DC,S_DCH_H1,40,Herbivore
588,2021/08/22 02:20:40,22.09,DC,DC,S_DCH_H1,40,Herbivore
589,2021/08/22 03:20:40,21.88,DC,DC,S_DCH_H1,40,Herbivore
590,2021/08/22 04:20:40,21.58,DC,DC,S_DCH_H1,40,Herbivore
591,2021/08/22 05:20:40,21.40,DC,DC,S_DCH_H1,40,Herbivore
592,2021/08/22 06:20:40,21.23,DC,DC,S_DCH_H1,40,Herbivore
593,2021/08/22 07:20:40,21.49,DC,DC,S_DCH_H1,40,Herbivore
594,2021/08/22 08:20:40,22.22,DC,DC,S_DCH_H1,40,Herbivore
595,2021/08/22 09:20:40,23.59,DC,DC,S_DCH_H1,40,Herbivore
596,2021/08/22 10:20:40,25.27,DC,DC,S_DCH_H1,40,Herbivore
597,2021/08/22 11:20:40,27.28,DC,DC,S_DCH_H1,40,Herbivore
598,2021/08/22 12:20:40,28.40,DC,DC,S_DCH_H1,40,Herbivore
599,2021/08/22 13:20:40,29.13,DC,DC,S_DCH_H1,40,Herbivore
600,2021/08/22 14:20:40,26.77,DC,DC,S_DCH_H1,40,Herbivore
601,2021/08/22 15:20:40,25.48,DC,DC,S_DCH_H1,40,Herbivore
602,2021/08/22 16:20:40,24.54,DC,DC,S_DCH_H1,40,Herbivore
603,2021/08/22 17:20:40,23.68,DC,DC,S_DCH_H1,40,Herbivore
604,2021/08/22 18:20:40,23.21,DC,DC,S_DCH_H1,40,Herbivore
605,2021/08/22 19:20:40,22.82,DC,DC,S_DCH_H1,40,Herbivore
606,2021/08/22 20:20:40,21.88,DC,DC,S_DCH_H1,40,Herbivore
607,2021/08/22 21:20:40,21.66,DC,DC,S_DCH_H1,40,Herbivore
608,2021/08/22 22:20:40,21.75,DC,DC,S_DCH_H1,40,Herbivore
609,2021/08/22 23:20:40,20.89,DC,DC,S_DCH_H1,40,Herbivore
610,2021/08/23 00:20:40,21.06,DC,DC,S_DCH_H1,40,Herbivore
611,2021/08/23 01:20:40,20.93,DC,DC,S_DCH_H1,40,Herbivore
612,2021/08/23 02:20:40,20.20,DC,DC,S_DCH_H1,40,Herbivore
613,2021/08/23 03:20:40,20.33,DC,DC,S_DCH_H1,40,Herbivore
614,2021/08/23 04:20:40,20.25,DC,DC,S_DCH_H1,40,Herbivore
615,2021/08/23 05:20:40,19.82,DC,DC,S_DCH_H1,40,Herbivore
616,2021/08/23 06:20:40,19.82,DC,DC,S_DCH_H1,40,Herbivore
617,2021/08/23 07:20:40,20.76,DC,DC,S_DCH_H1,40,Herbivore
618,2021/08/23 08:20:40,22.43,DC,DC,S_DCH_H1,40,Herbivore
619,2021/08/23 09:20:40,23.68,DC,DC,S_DCH_H1,40,Herbivore
620,2021/08/23 10:20:40,26.21,DC,DC,S_DCH_H1,40,Herbivore
621,2021/08/23 11:20:40,29.77,DC,DC,S_DCH_H1,40,Herbivore
622,2021/08/23 12:20:40,32.73,DC,DC,S_DCH_H1,40,Herbivore
623,2021/08/23 13:20:40,28.53,DC,DC,S_DCH_H1,40,Herbivore
624,2021/08/23 14:20:40,29.13,DC,DC,S_DCH_H1,40,Herbivore
625,2021/08/23 15:20:40,27.24,DC,DC,S_DCH_H1,40,Herbivore
626,2021/08/23 16:20:40,23.38,DC,DC,S_DCH_H1,40,Herbivore
627,2021/08/23 17:20:40,21.79,DC,DC,S_DCH_H1,40,Herbivore
628,2021/08/23 18:20:40,22.26,DC,DC,S_DCH_H1,40,Herbivore
629,2021/08/23 19:20:40,21.75,DC,DC,S_DCH_H1,40,Herbivore
630,2021/08/23 20:20:40,21.28,DC,DC,S_DCH_H1,40,Herbivore
631,2021/08/23 21:20:40,21.19,DC,DC,S_DCH_H1,40,Herbivore
632,2021/08/23 22:20:40,20.85,DC,DC,S_DCH_H1,40,Herbivore
633,2021/08/23 23:20:40,20.46,DC,DC,S_DCH_H1,40,Herbivore
634,2021/08/24 00:20:40,20.72,DC,DC,S_DCH_H1,40,Herbivore
635,2021/08/24 01:20:40,20.76,DC,DC,S_DCH_H1,40,Herbivore
636,2021/08/24 02:20:40,20.29,DC,DC,S_DCH_H1,40,Herbivore
637,2021/08/24 03:20:40,20.72,DC,DC,S_DCH_H1,40,Herbivore
638,2021/08/24 04:20:40,19.56,DC,DC,S_DCH_H1,40,Herbivore
639,2021/08/24 05:20:40,20.20,DC,DC,S_DCH_H1,40,Herbivore
640,2021/08/24 06:20:40,20.25,DC,DC,S_DCH_H1,40,Herbivore
641,2021/08/24 07:20:40,20.68,DC,DC,S_DCH_H1,40,Herbivore
642,2021/08/24 08:20:40,21.40,DC,DC,S_DCH_H1,40,Herbivore
643,2021/08/24 09:20:40,21.83,DC,DC,S_DCH_H1,40,Herbivore
644,2021/08/24 10:20:40,21.70,DC,DC,S_DCH_H1,40,Herbivore
645,2021/08/24 11:20:40,26.81,DC,DC,S_DCH_H1,40,Herbivore
646,2021/08/24 12:20:40,28.83,DC,DC,S_DCH_H1,40,Herbivore
647,2021/08/24 13:20:40,30.63,DC,DC,S_DCH_H1,40,Herbivore
648,2021/08/24 14:20:40,31.40,DC,DC,S_DCH_H1,40,Herbivore
649,2021/08/24 15:20:40,31.23,DC,DC,S_DCH_H1,40,Herbivore
650,2021/08/24 16:20:40,34.49,DC,DC,S_DCH_H1,40,Herbivore
651,2021/08/24 17:20:40,33.93,DC,DC,S_DCH_H1,40,Herbivore
652,2021/08/24 18:20:40,30.59,DC,DC,S_DCH_H1,40,Herbivore
653,2021/08/24 19:20:40,23.55,DC,DC,S_DCH_H1,40,Herbivore
654,2021/08/24 20:20:40,21.15,DC,DC,S_DCH_H1,40,Herbivore
655,2021/08/24 21:20:40,19.90,DC,DC,S_DCH_H1,40,Herbivore
656,2021/08/24 22:20:40,19.13,DC,DC,S_DCH_H1,40,Herbivore
657,2021/08/24 23:20:40,18.66,DC,DC,S_DCH_H1,40,Herbivore
658,2021/08/25 00:20:40,18.14,DC,DC,S_DCH_H1,40,Herbivore
659,2021/08/25 01:20:40,18.44,DC,DC,S_DCH_H1,40,Herbivore
660,2021/08/25 02:20:40,18.23,DC,DC,S_DCH_H1,40,Herbivore
661,2021/08/25 03:20:40,19.17,DC,DC,S_DCH_H1,40,Herbivore
662,2021/08/25 04:20:40,19.26,DC,DC,S_DCH_H1,40,Herbivore
663,2021/08/25 05:20:40,19.22,DC,DC,S_DCH_H1,40,Herbivore
664,2021/08/25 06:20:40,19.22,DC,DC,S_DCH_H1,40,Herbivore
665,2021/08/25 07:20:40,19.52,DC,DC,S_DCH_H1,40,Herbivore
666,2021/08/25 08:20:40,20.29,DC,DC,S_DCH_H1,40,Herbivore
667,2021/08/25 09:20:40,22.31,DC,DC,S_DCH_H1,40,Herbivore
668,2021/08/25 10:20:40,21.88,DC,DC,S_DCH_H1,40,Herbivore
669,2021/08/25 11:20:40,28.01,DC,DC,S_DCH_H1,40,Herbivore
670,2021/08/25 12:20:40,30.93,DC,DC,S_DCH_H1,40,Herbivore
671,2021/08/25 13:20:40,33.80,DC,DC,S_DCH_H1,40,Herbivore
672,2021/08/25 14:20:40,35.73,DC,DC,S_DCH_H1,40,Herbivore
673,2021/08/25 15:20:40,39.59,DC,DC,S_DCH_H1,40,Herbivore
674,2021/08/25 16:20:40,33.67,DC,DC,S_DCH_H1,40,Herbivore
675,2021/08/25 17:20:40,33.93,DC,DC,S_DCH_H1,40,Herbivore
676,2021/08/25 18:20:40,28.10,DC,DC,S_DCH_H1,40,Herbivore
677,2021/08/25 19:20:40,23.94,DC,DC,S_DCH_H1,40,Herbivore
678,2021/08/25 20:20:40,21.36,DC,DC,S_DCH_H1,40,Herbivore
679,2021/08/25 21:20:40,20.37,DC,DC,S_DCH_H1,40,Herbivore
680,2021/08/25 22:20:40,20.16,DC,DC,S_DCH_H1,40,Herbivore
681,2021/08/25 23:20:40,19.86,DC,DC,S_DCH_H1,40,Herbivore
682,2021/08/26 00:20:40,19.26,DC,DC,S_DCH_H1,40,Herbivore
683,2021/08/26 01:20:40,18.96,DC,DC,S_DCH_H1,40,Herbivore
684,2021/08/26 02:20:40,19.47,DC,DC,S_DCH_H1,40,Herbivore
685,2021/08/26 03:20:40,19.13,DC,DC,S_DCH_H1,40,Herbivore
686,2021/08/26 04:20:40,19.47,DC,DC,S_DCH_H1,40,Herbivore
687,2021/08/26 05:20:40,19.00,DC,DC,S_DCH_H1,40,Herbivore
688,2021/08/26 06:20:40,17.80,DC,DC,S_DCH_H1,40,Herbivore
689,2021/08/26 07:20:40,19.77,DC,DC,S_DCH_H1,40,Herbivore
690,2021/08/26 08:20:40,21.88,DC,DC,S_DCH_H1,40,Herbivore
691,2021/08/26 09:20:40,23.59,DC,DC,S_DCH_H1,40,Herbivore
692,2021/08/26 10:20:40,23.98,DC,DC,S_DCH_H1,40,Herbivore
693,2021/08/26 11:20:40,29.17,DC,DC,S_DCH_H1,40,Herbivore
694,2021/08/26 12:20:40,33.63,DC,DC,S_DCH_H1,40,Herbivore
695,2021/08/26 13:20:40,36.38,DC,DC,S_DCH_H1,40,Herbivore
696,2021/08/26 14:20:40,34.06,DC,DC,S_DCH_H1,40,Herbivore
697,2021/08/26 15:20:40,39.77,DC,DC,S_DCH_H1,40,Herbivore
698,2021/08/26 16:20:40,40.07,DC,DC,S_DCH_H1,40,Herbivore
699,2021/08/26 17:20:40,36.63,DC,DC,S_DCH_H1,40,Herbivore
700,2021/08/26 18:20:40,33.16,DC,DC,S_DCH_H1,40,Herbivore
701,2021/08/26 19:20:40,26.68,DC,DC,S_DCH_H1,40,Herbivore
702,2021/08/26 20:20:40,24.75,DC,DC,S_DCH_H1,40,Herbivore
703,2021/08/26 21:20:40,23.85,DC,DC,S_DCH_H1,40,Herbivore
704,2021/08/26 22:20:40,22.61,DC,DC,S_DCH_H1,40,Herbivore
705,2021/08/26 23:20:40,20.98,DC,DC,S_DCH_H1,40,Herbivore
706,2021/08/27 00:20:40,19.82,DC,DC,S_DCH_H1,40,Herbivore
707,2021/08/27 01:20:40,19.00,DC,DC,S_DCH_H1,40,Herbivore
708,2021/08/27 02:20:40,18.62,DC,DC,S_DCH_H1,40,Herbivore
709,2021/08/27 03:20:40,18.36,DC,DC,S_DCH_H1,40,Herbivore
710,2021/08/27 04:20:40,18.66,DC,DC,S_DCH_H1,40,Herbivore
711,2021/08/27 05:20:40,17.80,DC,DC,S_DCH_H1,40,Herbivore
712,2021/08/27 06:20:40,17.46,DC,DC,S_DCH_H1,40,Herbivore
713,2021/08/27 07:20:40,19.13,DC,DC,S_DCH_H1,40,Herbivore
714,2021/08/27 08:20:40,20.29,DC,DC,S_DCH_H1,40,Herbivore
715,2021/08/27 09:20:40,21.36,DC,DC,S_DCH_H1,40,Herbivore
716,2021/08/27 10:20:40,22.13,DC,DC,S_DCH_H1,40,Herbivore
717,2021/08/27 11:20:40,28.14,DC,DC,S_DCH_H1,40,Herbivore
718,2021/08/27 12:20:40,27.88,DC,DC,S_DCH_H1,40,Herbivore
719,2021/08/27 13:20:40,31.74,DC,DC,S_DCH_H1,40,Herbivore
720,2021/08/27 14:20:40,28.48,DC,DC,S_DCH_H1,40,Herbivore
721,2021/08/27 15:20:40,36.12,DC,DC,S_DCH_H1,40,Herbivore
722,2021/08/27 16:20:40,35.35,DC,DC,S_DCH_H1,40,Herbivore
723,2021/08/27 17:20:40,32.94,DC,DC,S_DCH_H1,40,Herbivore
724,2021/08/27 18:20:40,28.70,DC,DC,S_DCH_H1,40,Herbivore
725,2021/08/27 19:20:40,20.33,DC,DC,S_DCH_H1,40,Herbivore
726,2021/08/27 20:20:40,17.20,DC,DC,S_DCH_H1,40,Herbivore
727,2021/08/27 21:20:40,15.87,DC,DC,S_DCH_H1,40,Herbivore
728,2021/08/27 22:20:40,15.27,DC,DC,S_DCH_H1,40,Herbivore
729,2021/08/27 23:20:40,14.80,DC,DC,S_DCH_H1,40,Herbivore
730,2021/08/28 00:20:40,14.93,DC,DC,S_DCH_H1,40,Herbivore
731,2021/08/28 01:20:40,15.01,DC,DC,S_DCH_H1,40,Herbivore
732,2021/08/28 02:20:40,14.15,DC,DC,S_DCH_H1,40,Herbivore
733,2021/08/28 03:20:40,13.25,DC,DC,S_DCH_H1,40,Herbivore
734,2021/08/28 04:20:40,13.38,DC,DC,S_DCH_H1,40,Herbivore
735,2021/08/28 05:20:40,13.25,DC,DC,S_DCH_H1,40,Herbivore
736,2021/08/28 06:20:40,13.21,DC,DC,S_DCH_H1,40,Herbivore
737,2021/08/28 07:20:40,13.94,DC,DC,S_DCH_H1,40,Herbivore
738,2021/08/28 08:20:40,16.81,DC,DC,S_DCH_H1,40,Herbivore
739,2021/08/28 09:20:40,18.74,DC,DC,S_DCH_H1,40,Herbivore
740,2021/08/28 10:20:40,20.42,DC,DC,S_DCH_H1,40,Herbivore
741,2021/08/28 11:20:40,20.68,DC,DC,S_DCH_H1,40,Herbivore
742,2021/08/28 12:20:40,21.58,DC,DC,S_DCH_H1,40,Herbivore
743,2021/08/28 13:20:40,20.50,DC,DC,S_DCH_H1,40,Herbivore
744,2021/08/28 14:20:40,21.23,DC,DC,S_DCH_H1,40,Herbivore
745,2021/08/28 15:20:40,20.63,DC,DC,S_DCH_H1,40,Herbivore
746,2021/08/28 16:20:40,20.46,DC,DC,S_DCH_H1,40,Herbivore
747,2021/08/28 17:20:40,19.39,DC,DC,S_DCH_H1,40,Herbivore
748,2021/08/28 18:20:40,18.49,DC,DC,S_DCH_H1,40,Herbivore
749,2021/08/28 19:20:40,17.37,DC,DC,S_DCH_H1,40,Herbivore
750,2021/08/28 20:20:40,16.73,DC,DC,S_DCH_H1,40,Herbivore
751,2021/08/28 21:20:40,16.56,DC,DC,S_DCH_H1,40,Herbivore
752,2021/08/28 22:20:40,15.96,DC,DC,S_DCH_H1,40,Herbivore
753,2021/08/28 23:20:40,15.83,DC,DC,S_DCH_H1,40,Herbivore
754,2021/08/29 00:20:40,15.70,DC,DC,S_DCH_H1,40,Herbivore
755,2021/08/29 01:20:40,15.53,DC,DC,S_DCH_H1,40,Herbivore
756,2021/08/29 02:20:40,15.40,DC,DC,S_DCH_H1,40,Herbivore
757,2021/08/29 03:20:40,15.27,DC,DC,S_DCH_H1,40,Herbivore
758,2021/08/29 04:20:40,15.10,DC,DC,S_DCH_H1,40,Herbivore
759,2021/08/29 05:20:40,15.14,DC,DC,S_DCH_H1,40,Herbivore
760,2021/08/29 06:20:40,15.23,DC,DC,S_DCH_H1,40,Herbivore
761,2021/08/29 07:20:40,15.61,DC,DC,S_DCH_H1,40,Herbivore
762,2021/08/29 08:20:40,16.39,DC,DC,S_DCH_H1,40,Herbivore
763,2021/08/29 09:20:40,16.77,DC,DC,S_DCH_H1,40,Herbivore
764,2021/08/29 10:20:40,17.29,DC,DC,S_DCH_H1,40,Herbivore
765,2021/08/29 11:20:40,19.60,DC,DC,S_DCH_H1,40,Herbivore
766,2021/08/29 12:20:40,19.47,DC,DC,S_DCH_H1,40,Herbivore
767,2021/08/29 13:20:40,20.29,DC,DC,S_DCH_H1,40,Herbivore
768,2021/08/29 14:20:40,20.03,DC,DC,S_DCH_H1,40,Herbivore
769,2021/08/29 15:20:40,21.06,DC,DC,S_DCH_H1,40,Herbivore
770,2021/08/29 16:20:40,21.06,DC,DC,S_DCH_H1,40,Herbivore
771,2021/08/29 17:20:40,20.33,DC,DC,S_DCH_H1,40,Herbivore
772,2021/08/29 18:20:40,19.77,DC,DC,S_DCH_H1,40,Herbivore
773,2021/08/29 19:20:40,18.70,DC,DC,S_DCH_H1,40,Herbivore
774,2021/08/29 20:20:40,18.06,DC,DC,S_DCH_H1,40,Herbivore
775,2021/08/29 21:20:40,18.10,DC,DC,S_DCH_H1,40,Herbivore
776,2021/08/29 22:20:40,18.06,DC,DC,S_DCH_H1,40,Herbivore
777,2021/08/29 23:20:40,18.10,DC,DC,S_DCH_H1,40,Herbivore
778,2021/08/30 00:20:40,18.27,DC,DC,S_DCH_H1,40,Herbivore
779,2021/08/30 01:20:40,18.19,DC,DC,S_DCH_H1,40,Herbivore
780,2021/08/30 02:20:40,18.23,DC,DC,S_DCH_H1,40,Herbivore
781,2021/08/30 03:20:40,18.44,DC,DC,S_DCH_H1,40,Herbivore
782,2021/08/30 04:20:40,18.53,DC,DC,S_DCH_H1,40,Herbivore
783,2021/08/30 05:20:40,18.79,DC,DC,S_DCH_H1,40,Herbivore
784,2021/08/30 06:20:40,19.05,DC,DC,S_DCH_H1,40,Herbivore
785,2021/08/30 07:20:40,19.60,DC,DC,S_DCH_H1,40,Herbivore
786,2021/08/30 08:20:40,20.89,DC,DC,S_DCH_H1,40,Herbivore
787,2021/08/30 09:20:40,22.26,DC,DC,S_DCH_H1,40,Herbivore
788,2021/08/30 10:20:40,23.34,DC,DC,S_DCH_H1,40,Herbivore
789,2021/08/30 11:20:40,23.29,DC,DC,S_DCH_H1,40,Herbivore
790,2021/08/30 12:20:40,28.35,DC,DC,S_DCH_H1,40,Herbivore
791,2021/08/30 13:20:40,29.86,DC,DC,S_DCH_H1,40,Herbivore
792,2021/08/30 14:20:40,28.74,DC,DC,S_DCH_H1,40,Herbivore
793,2021/08/30 15:20:40,33.76,DC,DC,S_DCH_H1,40,Herbivore
794,2021/08/30 16:20:40,22.31,DC,DC,S_DCH_H1,40,Herbivore
795,2021/08/30 17:20:40,23.34,DC,DC,S_DCH_H1,40,Herbivore
796,2021/08/30 18:20:40,23.55,DC,DC,S_DCH_H1,40,Herbivore
797,2021/08/30 19:20:40,20.59,DC,DC,S_DCH_H1,40,Herbivore
798,2021/08/30 20:20:40,19.13,DC,DC,S_DCH_H1,40,Herbivore
799,2021/08/30 21:20:40,19.00,DC,DC,S_DCH_H1,40,Herbivore
800,2021/08/30 22:20:40,18.70,DC,DC,S_DCH_H1,40,Herbivore
801,2021/08/30 23:20:40,17.76,DC,DC,S_DCH_H1,40,Herbivore
802,2021/08/31 00:20:40,16.86,DC,DC,S_DCH_H1,40,Herbivore
803,2021/08/31 01:20:40,16.64,DC,DC,S_DCH_H1,40,Herbivore
804,2021/08/31 02:20:40,16.00,DC,DC,S_DCH_H1,40,Herbivore
805,2021/08/31 03:20:40,15.83,DC,DC,S_DCH_H1,40,Herbivore
806,2021/08/31 04:20:40,15.18,DC,DC,S_DCH_H1,40,Herbivore
807,2021/08/31 05:20:40,14.84,DC,DC,S_DCH_H1,40,Herbivore
808,2021/08/31 06:20:40,14.58,DC,DC,S_DCH_H1,40,Herbivore
809,2021/08/31 07:20:40,15.74,DC,DC,S_DCH_H1,40,Herbivore
810,2021/08/31 08:20:40,17.20,DC,DC,S_DCH_H1,40,Herbivore
811,2021/08/31 09:20:40,17.80,DC,DC,S_DCH_H1,40,Herbivore
812,2021/08/31 10:20:40,18.57,DC,DC,S_DCH_H1,40,Herbivore
813,2021/08/31 11:20:40,23.68,DC,DC,S_DCH_H1,40,Herbivore
814,2021/08/31 12:20:40,25.48,DC,DC,S_DCH_H1,40,Herbivore
815,2021/08/31 13:20:40,27.93,DC,DC,S_DCH_H1,40,Herbivore
816,2021/08/31 14:20:40,30.97,DC,DC,S_DCH_H1,40,Herbivore
817,2021/08/31 15:20:40,34.32,DC,DC,S_DCH_H1,40,Herbivore
818,2021/08/31 16:20:40,27.07,DC,DC,S_DCH_H1,40,Herbivore
819,2021/08/31 17:20:40,27.02,DC,DC,S_DCH_H1,40,Herbivore
820,2021/08/31 18:20:40,25.39,DC,DC,S_DCH_H1,40,Herbivore
821,2021/08/31 19:20:40,20.20,DC,DC,S_DCH_H1,40,Herbivore
822,2021/08/31 20:20:40,17.80,DC,DC,S_DCH_H1,40,Herbivore
823,2021/08/31 21:20:40,16.43,DC,DC,S_DCH_H1,40,Herbivore
824,2021/08/31 22:20:40,16.00,DC,DC,S_DCH_H1,40,Herbivore
825,2021/08/31 23:20:40,15.27,DC,DC,S_DCH_H1,40,Herbivore
826,2021/09/01 00:20:40,14.54,DC,DC,S_DCH_H1,40,Herbivore
827,2021/09/01 01:20:40,14.37,DC,DC,S_DCH_H1,40,Herbivore
828,2021/09/01 02:20:40,13.81,DC,DC,S_DCH_H1,40,Herbivore
829,2021/09/01 03:20:40,12.91,DC,DC,S_DCH_H1,40,Herbivore
830,2021/09/01 04:20:40,12.31,DC,DC,S_DCH_H1,40,Herbivore
831,2021/09/01 05:20:40,13.30,DC,DC,S_DCH_H1,40,Herbivore
832,2021/09/01 06:20:40,14.97,DC,DC,S_DCH_H1,40,Herbivore
833,2021/09/01 07:20:40,15.10,DC,DC,S_DCH_H1,40,Herbivore
834,2021/09/01 08:20:40,16.17,DC,DC,S_DCH_H1,40,Herbivore
835,2021/09/01 09:20:40,17.67,DC,DC,S_DCH_H1,40,Herbivore
836,2021/09/01 10:20:40,20.07,DC,DC,S_DCH_H1,40,Herbivore
837,2021/09/01 11:20:40,21.79,DC,DC,S_DCH_H1,40,Herbivore
838,2021/09/01 12:20:40,23.59,DC,DC,S_DCH_H1,40,Herbivore
839,2021/09/01 13:20:40,22.86,DC,DC,S_DCH_H1,40,Herbivore
840,2021/09/01 14:20:40,22.48,DC,DC,S_DCH_H1,40,Herbivore
841,2021/09/01 15:20:40,21.28,DC,DC,S_DCH_H1,40,Herbivore
842,2021/09/01 16:20:40,20.29,DC,DC,S_DCH_H1,40,Herbivore
843,2021/09/01 17:20:40,19.65,DC,DC,S_DCH_H1,40,Herbivore
844,2021/09/01 18:20:40,18.14,DC,DC,S_DCH_H1,40,Herbivore
845,2021/09/01 19:20:40,16.64,DC,DC,S_DCH_H1,40,Herbivore
846,2021/09/01 20:20:40,15.96,DC,DC,S_DCH_H1,40,Herbivore
847,2021/09/01 21:20:40,15.66,DC,DC,S_DCH_H1,40,Herbivore
848,2021/09/01 22:20:40,15.57,DC,DC,S_DCH_H1,40,Herbivore
849,2021/09/01 23:20:40,15.48,DC,DC,S_DCH_H1,40,Herbivore
850,2021/09/02 00:20:40,15.14,DC,DC,S_DCH_H1,40,Herbivore
851,2021/09/02 01:20:40,14.45,DC,DC,S_DCH_H1,40,Herbivore
852,2021/09/02 02:20:40,14.33,DC,DC,S_DCH_H1,40,Herbivore
853,2021/09/02 03:20:40,14.11,DC,DC,S_DCH_H1,40,Herbivore
854,2021/09/02 04:20:40,13.68,DC,DC,S_DCH_H1,40,Herbivore
855,2021/09/02 05:20:40,13.04,DC,DC,S_DCH_H1,40,Herbivore
856,2021/09/02 06:20:40,11.88,DC,DC,S_DCH_H1,40,Herbivore
857,2021/09/02 07:20:40,12.14,DC,DC,S_DCH_H1,40,Herbivore
858,2021/09/02 08:20:40,14.11,DC,DC,S_DCH_H1,40,Herbivore
859,2021/09/02 09:20:40,14.67,DC,DC,S_DCH_H1,40,Herbivore
860,2021/09/02 10:20:40,15.40,DC,DC,S_DCH_H1,40,Herbivore
861,2021/09/02 11:20:40,19.47,DC,DC,S_DCH_H1,40,Herbivore
862,2021/09/02 12:20:40,19.35,DC,DC,S_DCH_H1,40,Herbivore
863,2021/09/02 13:20:40,22.05,DC,DC,S_DCH_H1,40,Herbivore
864,2021/09/02 14:20:40,24.75,DC,DC,S_DCH_H1,40,Herbivore
865,2021/09/02 15:20:40,24.92,DC,DC,S_DCH_H1,40,Herbivore
866,2021/09/02 16:20:40,26.12,DC,DC,S_DCH_H1,40,Herbivore
867,2021/09/02 17:20:40,25.65,DC,DC,S_DCH_H1,40,Herbivore
868,2021/09/02 18:20:40,20.80,DC,DC,S_DCH_H1,40,Herbivore
869,2021/09/02 19:20:40,16.13,DC,DC,S_DCH_H1,40,Herbivore
870,2021/09/02 20:20:40,12.18,DC,DC,S_DCH_H1,40,Herbivore
871,2021/09/02 21:20:40,11.15,DC,DC,S_DCH_H1,40,Herbivore
872,2021/09/02 22:20:40,11.11,DC,DC,S_DCH_H1,40,Herbivore
873,2021/09/02 23:20:40,10.85,DC,DC,S_DCH_H1,40,Herbivore
874,2021/09/03 00:20:40,11.15,DC,DC,S_DCH_H1,40,Herbivore
875,2021/09/03 01:20:40,11.67,DC,DC,S_DCH_H1,40,Herbivore
876,2021/09/03 02:20:40,11.37,DC,DC,S_DCH_H1,40,Herbivore
877,2021/09/03 03:20:40,11.79,DC,DC,S_DCH_H1,40,Herbivore
878,2021/09/03 04:20:40,10.55,DC,DC,S_DCH_H1,40,Herbivore
879,2021/09/03 05:20:40,11.07,DC,DC,S_DCH_H1,40,Herbivore
880,2021/09/03 06:20:40,11.79,DC,DC,S_DCH_H1,40,Herbivore
881,2021/09/03 07:20:40,10.81,DC,DC,S_DCH_H1,40,Herbivore
882,2021/09/03 08:20:40,13.25,DC,DC,S_DCH_H1,40,Herbivore
883,2021/09/03 09:20:40,15.74,DC,DC,S_DCH_H1,40,Herbivore
884,2021/09/03 10:20:40,18.06,DC,DC,S_DCH_H1,40,Herbivore
885,2021/09/03 11:20:40,20.29,DC,DC,S_DCH_H1,40,Herbivore
886,2021/09/03 12:20:40,24.45,DC,DC,S_DCH_H1,40,Herbivore
887,2021/09/03 13:20:40,22.18,DC,DC,S_DCH_H1,40,Herbivore
888,2021/09/03 14:20:40,22.18,DC,DC,S_DCH_H1,40,Herbivore
889,2021/09/03 15:20:40,23.42,DC,DC,S_DCH_H1,40,Herbivore
890,2021/09/03 16:20:40,26.55,DC,DC,S_DCH_H1,40,Herbivore
891,2021/09/03 17:20:40,27.45,DC,DC,S_DCH_H1,40,Herbivore
892,2021/09/03 18:20:40,21.53,DC,DC,S_DCH_H1,40,Herbivore
893,2021/09/03 19:20:40,15.48,DC,DC,S_DCH_H1,40,Herbivore
894,2021/09/03 20:20:40,13.04,DC,DC,S_DCH_H1,40,Herbivore
895,2021/09/03 21:20:40,12.31,DC,DC,S_DCH_H1,40,Herbivore
896,2021/09/03 22:20:40,11.62,DC,DC,S_DCH_H1,40,Herbivore
897,2021/09/03 23:20:40,10.98,DC,DC,S_DCH_H1,40,Herbivore
898,2021/09/04 00:20:40,10.94,DC,DC,S_DCH_H1,40,Herbivore
899,2021/09/04 01:20:40,11.49,DC,DC,S_DCH_H1,40,Herbivore
900,2021/09/04 02:20:40,10.34,DC,DC,S_DCH_H1,40,Herbivore
901,2021/09/04 03:20:40,9.95,DC,DC,S_DCH_H1,40,Herbivore
902,2021/09/04 04:20:40,9.95,DC,DC,S_DCH_H1,40,Herbivore
903,2021/09/04 05:20:40,10.46,DC,DC,S_DCH_H1,40,Herbivore
904,2021/09/04 06:20:40,9.61,DC,DC,S_DCH_H1,40,Herbivore
905,2021/09/04 07:20:40,10.55,DC,DC,S_DCH_H1,40,Herbivore
906,2021/09/04 08:20:40,11.28,DC,DC,S_DCH_H1,40,Herbivore
907,2021/09/04 09:20:40,13.47,DC,DC,S_DCH_H1,40,Herbivore
908,2021/09/04 10:20:40,16.26,DC,DC,S_DCH_H1,40,Herbivore
909,2021/09/04 11:20:40,22.99,DC,DC,S_DCH_H1,40,Herbivore
910,2021/09/04 12:20:40,25.65,DC,DC,S_DCH_H1,40,Herbivore
911,2021/09/04 13:20:40,27.54,DC,DC,S_DCH_H1,40,Herbivore
912,2021/09/04 14:20:40,29.17,DC,DC,S_DCH_H1,40,Herbivore
913,2021/09/04 15:20:40,32.47,DC,DC,S_DCH_H1,40,Herbivore
914,2021/09/04 16:20:40,31.53,DC,DC,S_DCH_H1,40,Herbivore
915,2021/09/04 17:20:40,29.64,DC,DC,S_DCH_H1,40,Herbivore
916,2021/09/04 18:20:40,22.65,DC,DC,S_DCH_H1,40,Herbivore
917,2021/09/04 19:20:40,16.17,DC,DC,S_DCH_H1,40,Herbivore
918,2021/09/04 20:20:40,13.68,DC,DC,S_DCH_H1,40,Herbivore
919,2021/09/04 21:20:40,12.48,DC,DC,S_DCH_H1,40,Herbivore
920,2021/09/04 22:20:40,11.71,DC,DC,S_DCH_H1,40,Herbivore
921,2021/09/04 23:20:40,11.07,DC,DC,S_DCH_H1,40,Herbivore
922,2021/09/05 00:20:40,10.64,DC,DC,S_DCH_H1,40,Herbivore
923,2021/09/05 01:20:40,10.08,DC,DC,S_DCH_H1,40,Herbivore
924,2021/09/05 02:20:40,10.81,DC,DC,S_DCH_H1,40,Herbivore
925,2021/09/05 03:20:40,10.55,DC,DC,S_DCH_H1,40,Herbivore
926,2021/09/05 04:20:40,10.72,DC,DC,S_DCH_H1,40,Herbivore
927,2021/09/05 05:20:40,11.24,DC,DC,S_DCH_H1,40,Herbivore
928,2021/09/05 06:20:40,12.18,DC,DC,S_DCH_H1,40,Herbivore
929,2021/09/05 07:20:40,12.61,DC,DC,S_DCH_H1,40,Herbivore
930,2021/09/05 08:20:40,13.85,DC,DC,S_DCH_H1,40,Herbivore
931,2021/09/05 09:20:40,15.78,DC,DC,S_DCH_H1,40,Herbivore
932,2021/09/05 10:20:40,19.39,DC,DC,S_DCH_H1,40,Herbivore
933,2021/09/05 11:20:40,20.59,DC,DC,S_DCH_H1,40,Herbivore
934,2021/09/05 12:20:40,22.09,DC,DC,S_DCH_H1,40,Herbivore
935,2021/09/05 13:20:40,24.88,DC,DC,S_DCH_H1,40,Herbivore
936,2021/09/05 14:20:40,22.95,DC,DC,S_DCH_H1,40,Herbivore
937,2021/09/05 15:20:40,20.16,DC,DC,S_DCH_H1,40,Herbivore
938,2021/09/05 16:20:40,19.00,DC,DC,S_DCH_H1,40,Herbivore
939,2021/09/05 17:20:40,18.53,DC,DC,S_DCH_H1,40,Herbivore
940,2021/09/05 18:20:40,18.74,DC,DC,S_DCH_H1,40,Herbivore
941,2021/09/05 19:20:40,18.70,DC,DC,S_DCH_H1,40,Herbivore
942,2021/09/05 20:20:40,18.92,DC,DC,S_DCH_H1,40,Herbivore
943,2021/09/05 21:20:40,18.96,DC,DC,S_DCH_H1,40,Herbivore
944,2021/09/05 22:20:40,18.74,DC,DC,S_DCH_H1,40,Herbivore
945,2021/09/05 23:20:40,18.14,DC,DC,S_DCH_H1,40,Herbivore
946,2021/09/06 00:20:40,17.97,DC,DC,S_DCH_H1,40,Herbivore
947,2021/09/06 01:20:40,17.89,DC,DC,S_DCH_H1,40,Herbivore
948,2021/09/06 02:20:40,17.67,DC,DC,S_DCH_H1,40,Herbivore
949,2021/09/06 03:20:40,17.54,DC,DC,S_DCH_H1,40,Herbivore
950,2021/09/06 04:20:40,17.16,DC,DC,S_DCH_H1,40,Herbivore
951,2021/09/06 05:20:40,15.87,DC,DC,S_DCH_H1,40,Herbivore
952,2021/09/06 06:20:40,15.23,DC,DC,S_DCH_H1,40,Herbivore
953,2021/09/06 07:20:40,17.29,DC,DC,S_DCH_H1,40,Herbivore
954,2021/09/06 08:20:40,18.32,DC,DC,S_DCH_H1,40,Herbivore
955,2021/09/06 09:20:40,19.22,DC,DC,S_DCH_H1,40,Herbivore
956,2021/09/06 10:20:40,19.52,DC,DC,S_DCH_H1,40,Herbivore
957,2021/09/06 11:20:40,25.27,DC,DC,S_DCH_H1,40,Herbivore
958,2021/09/06 12:20:40,27.28,DC,DC,S_DCH_H1,40,Herbivore
959,2021/09/06 13:20:40,25.14,DC,DC,S_DCH_H1,40,Herbivore
960,2021/09/06 14:20:40,19.56,DC,DC,S_DCH_H1,40,Herbivore
961,2021/09/06 15:20:40,28.01,DC,DC,S_DCH_H1,40,Herbivore
962,2021/09/06 16:20:40,26.17,DC,DC,S_DCH_H1,40,Herbivore
963,2021/09/06 17:20:40,23.98,DC,DC,S_DCH_H1,40,Herbivore
964,2021/09/06 18:20:40,19.26,DC,DC,S_DCH_H1,40,Herbivore
965,2021/09/06 19:20:40,15.14,DC,DC,S_DCH_H1,40,Herbivore
966,2021/09/06 20:20:40,13.68,DC,DC,S_DCH_H1,40,Herbivore
967,2021/09/06 21:20:40,12.22,DC,DC,S_DCH_H1,40,Herbivore
968,2021/09/06 22:20:40,11.24,DC,DC,S_DCH_H1,40,Herbivore
969,2021/09/06 23:20:40,11.92,DC,DC,S_DCH_H1,40,Herbivore
970,2021/09/07 00:20:40,10.64,DC,DC,S_DCH_H1,40,Herbivore
971,2021/09/07 01:20:40,10.85,DC,DC,S_DCH_H1,40,Herbivore
972,2021/09/07 02:20:40,12.01,DC,DC,S_DCH_H1,40,Herbivore
973,2021/09/07 03:20:40,10.25,DC,DC,S_DCH_H1,40,Herbivore
974,2021/09/07 04:20:40,9.82,DC,DC,S_DCH_H1,40,Herbivore
975,2021/09/07 05:20:40,10.77,DC,DC,S_DCH_H1,40,Herbivore
976,2021/09/07 06:20:40,10.72,DC,DC,S_DCH_H1,40,Herbivore
977,2021/09/07 07:20:40,10.51,DC,DC,S_DCH_H1,40,Herbivore
978,2021/09/07 08:20:40,10.98,DC,DC,S_DCH_H1,40,Herbivore
979,2021/09/07 09:20:40,12.70,DC,DC,S_DCH_H1,40,Herbivore
980,2021/09/07 10:20:40,14.84,DC,DC,S_DCH_H1,40,Herbivore
981,2021/09/07 11:20:40,21.36,DC,DC,S_DCH_H1,40,Herbivore
982,2021/09/07 12:20:40,25.99,DC,DC,S_DCH_H1,40,Herbivore
983,2021/09/07 13:20:40,25.78,DC,DC,S_DCH_H1,40,Herbivore
984,2021/09/07 14:20:40,28.40,DC,DC,S_DCH_H1,40,Herbivore
985,2021/09/07 15:20:40,30.97,DC,DC,S_DCH_H1,40,Herbivore
986,2021/09/07 16:20:40,25.35,DC,DC,S_DCH_H1,40,Herbivore
987,2021/09/07 17:20:40,29.81,DC,DC,S_DCH_H1,40,Herbivore
988,2021/09/07 18:20:40,22.35,DC,DC,S_DCH_H1,40,Herbivore
989,2021/09/07 19:20:40,16.17,DC,DC,S_DCH_H1,40,Herbivore
990,2021/09/07 20:20:40,13.94,DC,DC,S_DCH_H1,40,Herbivore
991,2021/09/07 21:20:40,12.87,DC,DC,S_DCH_H1,40,Herbivore
992,2021/09/07 22:20:40,12.52,DC,DC,S_DCH_H1,40,Herbivore
993,2021/09/07 23:20:40,11.88,DC,DC,S_DCH_H1,40,Herbivore
994,2021/09/08 00:20:40,12.35,DC,DC,S_DCH_H1,40,Herbivore
995,2021/09/08 01:20:40,12.01,DC,DC,S_DCH_H1,40,Herbivore
996,2021/09/08 02:20:40,13.00,DC,DC,S_DCH_H1,40,Herbivore
997,2021/09/08 03:20:40,12.35,DC,DC,S_DCH_H1,40,Herbivore
998,2021/09/08 04:20:40,12.44,DC,DC,S_DCH_H1,40,Herbivore
999,2021/09/08 05:20:40,12.70,DC,DC,S_DCH_H1,40,Herbivore
1000,2021/09/08 06:20:40,12.31,DC,DC,S_DCH_H1,40,Herbivore
1001,2021/09/08 07:20:40,12.31,DC,DC,S_DCH_H1,40,Herbivore
1002,2021/09/08 08:20:40,15.23,DC,DC,S_DCH_H1,40,Herbivore
1003,2021/09/08 09:20:40,17.41,DC,DC,S_DCH_H1,40,Herbivore
1004,2021/09/08 10:20:40,20.68,DC,DC,S_DCH_H1,40,Herbivore
1005,2021/09/08 11:20:40,24.84,DC,DC,S_DCH_H1,40,Herbivore
1006,2021/09/08 12:20:40,28.53,DC,DC,S_DCH_H1,40,Herbivore
1007,2021/09/08 13:20:40,31.96,DC,DC,S_DCH_H1,40,Herbivore
1008,2021/09/08 14:20:40,33.07,DC,DC,S_DCH_H1,40,Herbivore
1009,2021/09/08 15:20:40,34.27,DC,DC,S_DCH_H1,40,Herbivore
1010,2021/09/08 16:20:40,32.82,DC,DC,S_DCH_H1,40,Herbivore
1011,2021/09/08 17:20:40,27.45,DC,DC,S_DCH_H1,40,Herbivore
1012,2021/09/08 18:20:40,25.99,DC,DC,S_DCH_H1,40,Herbivore
1013,2021/09/08 19:20:40,21.75,DC,DC,S_DCH_H1,40,Herbivore
1014,2021/09/08 20:20:40,21.49,DC,DC,S_DCH_H1,40,Herbivore
1015,2021/09/08 21:20:40,20.29,DC,DC,S_DCH_H1,40,Herbivore
1016,2021/09/08 22:20:40,18.14,DC,DC,S_DCH_H1,40,Herbivore
1017,2021/09/08 23:20:40,18.06,DC,DC,S_DCH_H1,40,Herbivore
1018,2021/09/09 00:20:40,17.76,DC,DC,S_DCH_H1,40,Herbivore
1019,2021/09/09 01:20:40,17.67,DC,DC,S_DCH_H1,40,Herbivore
1020,2021/09/09 02:20:40,17.46,DC,DC,S_DCH_H1,40,Herbivore
1021,2021/09/09 03:20:40,17.67,DC,DC,S_DCH_H1,40,Herbivore
1022,2021/09/09 04:20:40,17.59,DC,DC,S_DCH_H1,40,Herbivore
1023,2021/09/09 05:20:40,17.03,DC,DC,S_DCH_H1,40,Herbivore
1024,2021/09/09 06:20:40,16.47,DC,DC,S_DCH_H1,40,Herbivore
1025,2021/09/09 07:20:40,16.77,DC,DC,S_DCH_H1,40,Herbivore
1026,2021/09/09 08:20:40,17.80,DC,DC,S_DCH_H1,40,Herbivore
1027,2021/09/09 09:20:40,19.09,DC,DC,S_DCH_H1,40,Herbivore
1028,2021/09/09 10:20:40,20.16,DC,DC,S_DCH_H1,40,Herbivore
1029,2021/09/09 11:20:40,20.42,DC,DC,S_DCH_H1,40,Herbivore
1030,2021/09/09 12:20:40,20.93,DC,DC,S_DCH_H1,40,Herbivore
1031,2021/09/09 13:20:40,21.36,DC,DC,S_DCH_H1,40,Herbivore
1032,2021/09/09 14:20:40,21.19,DC,DC,S_DCH_H1,40,Herbivore
1033,2021/09/09 15:20:40,20.63,DC,DC,S_DCH_H1,40,Herbivore
1034,2021/09/09 16:20:40,20.16,DC,DC,S_DCH_H1,40,Herbivore
1035,2021/09/09 17:20:40,19.26,DC,DC,S_DCH_H1,40,Herbivore
1036,2021/09/09 18:20:40,18.66,DC,DC,S_DCH_H1,40,Herbivore
1037,2021/09/09 19:20:40,17.80,DC,DC,S_DCH_H1,40,Herbivore
1038,2021/09/09 20:20:40,17.50,DC,DC,S_DCH_H1,40,Herbivore
1039,2021/09/09 21:20:40,17.16,DC,DC,S_DCH_H1,40,Herbivore
1040,2021/09/09 22:20:40,16.99,DC,DC,S_DCH_H1,40,Herbivore
1041,2021/09/09 23:20:40,16.77,DC,DC,S_DCH_H1,40,Herbivore
1042,2021/09/10 00:20:40,17.16,DC,DC,S_DCH_H1,40,Herbivore
1043,2021/09/10 01:20:40,16.81,DC,DC,S_DCH_H1,40,Herbivore
1044,2021/09/10 02:20:40,16.90,DC,DC,S_DCH_H1,40,Herbivore
1045,2021/09/10 03:20:40,15.40,DC,DC,S_DCH_H1,40,Herbivore
1046,2021/09/10 04:20:40,15.87,DC,DC,S_DCH_H1,40,Herbivore
1047,2021/09/10 05:20:40,15.61,DC,DC,S_DCH_H1,40,Herbivore
1048,2021/09/10 06:20:40,14.50,DC,DC,S_DCH_H1,40,Herbivore
1049,2021/09/10 07:20:40,14.67,DC,DC,S_DCH_H1,40,Herbivore
1050,2021/09/10 08:20:40,16.34,DC,DC,S_DCH_H1,40,Herbivore
1051,2021/09/10 09:20:40,17.80,DC,DC,S_DCH_H1,40,Herbivore
1052,2021/09/10 10:20:40,17.84,DC,DC,S_DCH_H1,40,Herbivore
1053,2021/09/10 11:20:40,19.65,DC,DC,S_DCH_H1,40,Herbivore
1054,2021/09/10 12:20:40,20.33,DC,DC,S_DCH_H1,40,Herbivore
1055,2021/09/10 13:20:40,21.36,DC,DC,S_DCH_H1,40,Herbivore
1056,2021/09/10 14:20:40,22.56,DC,DC,S_DCH_H1,40,Herbivore
1057,2021/09/10 15:20:40,21.15,DC,DC,S_DCH_H1,40,Herbivore
1058,2021/09/10 16:20:40,24.84,DC,DC,S_DCH_H1,40,Herbivore
1059,2021/09/10 17:20:40,21.66,DC,DC,S_DCH_H1,40,Herbivore
1060,2021/09/10 18:20:40,16.56,DC,DC,S_DCH_H1,40,Herbivore
1061,2021/09/10 19:20:40,12.82,DC,DC,S_DCH_H1,40,Herbivore
1062,2021/09/10 20:20:40,11.28,DC,DC,S_DCH_H1,40,Herbivore
1063,2021/09/10 21:20:40,9.78,DC,DC,S_DCH_H1,40,Herbivore
1064,2021/09/10 22:20:40,8.79,DC,DC,S_DCH_H1,40,Herbivore
1065,2021/09/10 23:20:40,8.45,DC,DC,S_DCH_H1,40,Herbivore
1066,2021/09/11 00:20:40,7.85,DC,DC,S_DCH_H1,40,Herbivore
1067,2021/09/11 01:20:40,7.81,DC,DC,S_DCH_H1,40,Herbivore
1068,2021/09/11 02:20:40,7.55,DC,DC,S_DCH_H1,40,Herbivore
1069,2021/09/11 03:20:40,6.86,DC,DC,S_DCH_H1,40,Herbivore
1070,2021/09/11 04:20:40,8.32,DC,DC,S_DCH_H1,40,Herbivore
1071,2021/09/11 05:20:40,8.11,DC,DC,S_DCH_H1,40,Herbivore
1072,2021/09/11 06:20:40,7.85,DC,DC,S_DCH_H1,40,Herbivore
1073,2021/09/11 07:20:40,8.71,DC,DC,S_DCH_H1,40,Herbivore
1074,2021/09/11 08:20:40,9.86,DC,DC,S_DCH_H1,40,Herbivore
1075,2021/09/11 09:20:40,10.85,DC,DC,S_DCH_H1,40,Herbivore
1076,2021/09/11 10:20:40,12.01,DC,DC,S_DCH_H1,40,Herbivore
1077,2021/09/11 11:20:40,20.46,DC,DC,S_DCH_H1,40,Herbivore
1078,2021/09/11 12:20:40,25.57,DC,DC,S_DCH_H1,40,Herbivore
1079,2021/09/11 13:20:40,28.53,DC,DC,S_DCH_H1,40,Herbivore
1080,2021/09/11 14:20:40,28.40,DC,DC,S_DCH_H1,40,Herbivore
1081,2021/09/11 15:20:40,30.89,DC,DC,S_DCH_H1,40,Herbivore
1082,2021/09/11 16:20:40,28.91,DC,DC,S_DCH_H1,40,Herbivore
1083,2021/09/11 17:20:40,21.83,DC,DC,S_DCH_H1,40,Herbivore
1084,2021/09/11 18:20:40,20.37,DC,DC,S_DCH_H1,40,Herbivore
1085,2021/09/11 19:20:40,15.18,DC,DC,S_DCH_H1,40,Herbivore
1086,2021/09/11 20:20:40,13.47,DC,DC,S_DCH_H1,40,Herbivore
1087,2021/09/11 21:20:40,12.27,DC,DC,S_DCH_H1,40,Herbivore
1088,2021/09/11 22:20:40,11.58,DC,DC,S_DCH_H1,40,Herbivore
1089,2021/09/11 23:20:40,11.11,DC,DC,S_DCH_H1,40,Herbivore
1090,2021/09/12 00:20:40,10.55,DC,DC,S_DCH_H1,40,Herbivore
1091,2021/09/12 01:20:40,10.34,DC,DC,S_DCH_H1,40,Herbivore
1092,2021/09/12 02:20:40,10.21,DC,DC,S_DCH_H1,40,Herbivore
1093,2021/09/12 03:20:40,10.46,DC,DC,S_DCH_H1,40,Herbivore
1094,2021/09/12 04:20:40,10.94,DC,DC,S_DCH_H1,40,Herbivore
1095,2021/09/12 05:20:40,12.27,DC,DC,S_DCH_H1,40,Herbivore
1096,2021/09/12 06:20:40,12.87,DC,DC,S_DCH_H1,40,Herbivore
1097,2021/09/12 07:20:40,13.60,DC,DC,S_DCH_H1,40,Herbivore
1098,2021/09/12 08:20:40,15.44,DC,DC,S_DCH_H1,40,Herbivore
1099,2021/09/12 09:20:40,18.23,DC,DC,S_DCH_H1,40,Herbivore
1100,2021/09/12 10:20:40,21.19,DC,DC,S_DCH_H1,40,Herbivore
1101,2021/09/12 11:20:40,24.06,DC,DC,S_DCH_H1,40,Herbivore
1102,2021/09/12 12:20:40,26.85,DC,DC,S_DCH_H1,40,Herbivore
1103,2021/09/12 13:20:40,25.31,DC,DC,S_DCH_H1,40,Herbivore
1104,2021/09/12 14:20:40,24.49,DC,DC,S_DCH_H1,40,Herbivore
1105,2021/09/12 15:20:40,25.91,DC,DC,S_DCH_H1,40,Herbivore
1106,2021/09/12 16:20:40,23.81,DC,DC,S_DCH_H1,40,Herbivore
1107,2021/09/12 17:20:40,20.93,DC,DC,S_DCH_H1,40,Herbivore
1108,2021/09/12 18:20:40,20.89,DC,DC,S_DCH_H1,40,Herbivore
1109,2021/09/12 19:20:40,19.47,DC,DC,S_DCH_H1,40,Herbivore
1110,2021/09/12 20:20:40,18.74,DC,DC,S_DCH_H1,40,Herbivore
1111,2021/09/12 21:20:40,18.40,DC,DC,S_DCH_H1,40,Herbivore
1112,2021/09/12 22:20:40,17.67,DC,DC,S_DCH_H1,40,Herbivore
1113,2021/09/12 23:20:40,16.77,DC,DC,S_DCH_H1,40,Herbivore
1114,2021/09/13 00:20:40,17.24,DC,DC,S_DCH_H1,40,Herbivore
1115,2021/09/13 01:20:40,17.20,DC,DC,S_DCH_H1,40,Herbivore
1116,2021/09/13 02:20:40,16.26,DC,DC,S_DCH_H1,40,Herbivore
1117,2021/09/13 03:20:40,15.44,DC,DC,S_DCH_H1,40,Herbivore
1118,2021/09/13 04:20:40,14.37,DC,DC,S_DCH_H1,40,Herbivore
1119,2021/09/13 05:20:40,14.54,DC,DC,S_DCH_H1,40,Herbivore
1120,2021/09/13 06:20:40,14.54,DC,DC,S_DCH_H1,40,Herbivore
1121,2021/09/13 07:20:40,13.43,DC,DC,S_DCH_H1,40,Herbivore
1122,2021/09/13 08:20:40,13.85,DC,DC,S_DCH_H1,40,Herbivore
1123,2021/09/13 09:20:40,14.71,DC,DC,S_DCH_H1,40,Herbivore
1124,2021/09/13 10:20:40,16.47,DC,DC,S_DCH_H1,40,Herbivore
1125,2021/09/13 11:20:40,20.42,DC,DC,S_DCH_H1,40,Herbivore
1126,2021/09/13 12:20:40,23.08,DC,DC,S_DCH_H1,40,Herbivore
1127,2021/09/13 13:20:40,23.08,DC,DC,S_DCH_H1,40,Herbivore
1128,2021/09/13 14:20:40,30.33,DC,DC,S_DCH_H1,40,Herbivore
1129,2021/09/13 15:20:40,32.04,DC,DC,S_DCH_H1,40,Herbivore
1130,2021/09/13 16:20:40,30.80,DC,DC,S_DCH_H1,40,Herbivore
1131,2021/09/13 17:20:40,29.47,DC,DC,S_DCH_H1,40,Herbivore
1132,2021/09/13 18:20:40,19.95,DC,DC,S_DCH_H1,40,Herbivore
1133,2021/09/13 19:20:40,15.27,DC,DC,S_DCH_H1,40,Herbivore
1134,2021/09/13 20:20:40,13.21,DC,DC,S_DCH_H1,40,Herbivore
1135,2021/09/13 21:20:40,12.48,DC,DC,S_DCH_H1,40,Herbivore
1136,2021/09/13 22:20:40,11.75,DC,DC,S_DCH_H1,40,Herbivore
1137,2021/09/13 23:20:40,10.89,DC,DC,S_DCH_H1,40,Herbivore
1138,2021/09/14 00:20:40,10.55,DC,DC,S_DCH_H1,40,Herbivore
1139,2021/09/14 01:20:40,10.46,DC,DC,S_DCH_H1,40,Herbivore
1140,2021/09/14 02:20:40,9.65,DC,DC,S_DCH_H1,40,Herbivore
1141,2021/09/14 03:20:40,9.05,DC,DC,S_DCH_H1,40,Herbivore
1142,2021/09/14 04:20:40,8.49,DC,DC,S_DCH_H1,40,Herbivore
1143,2021/09/14 05:20:40,7.93,DC,DC,S_DCH_H1,40,Herbivore
1144,2021/09/14 06:20:40,9.22,DC,DC,S_DCH_H1,40,Herbivore
1145,2021/09/14 07:20:40,10.81,DC,DC,S_DCH_H1,40,Herbivore
1146,2021/09/14 08:20:40,12.18,DC,DC,S_DCH_H1,40,Herbivore
1147,2021/09/14 09:20:40,14.28,DC,DC,S_DCH_H1,40,Herbivore
1148,2021/09/14 10:20:40,13.81,DC,DC,S_DCH_H1,40,Herbivore
1149,2021/09/14 11:20:40,20.20,DC,DC,S_DCH_H1,40,Herbivore
1150,2021/09/14 12:20:40,24.49,DC,DC,S_DCH_H1,40,Herbivore
1151,2021/09/14 13:20:40,28.70,DC,DC,S_DCH_H1,40,Herbivore
1152,2021/09/14 14:20:40,32.09,DC,DC,S_DCH_H1,40,Herbivore
1153,2021/09/14 15:20:40,32.09,DC,DC,S_DCH_H1,40,Herbivore
1154,2021/09/14 16:20:40,25.09,DC,DC,S_DCH_H1,40,Herbivore
1155,2021/09/14 17:20:40,20.16,DC,DC,S_DCH_H1,40,Herbivore
1156,2021/09/14 18:20:40,18.79,DC,DC,S_DCH_H1,40,Herbivore
1157,2021/09/14 19:20:40,17.93,DC,DC,S_DCH_H1,40,Herbivore
1158,2021/09/14 20:20:40,16.17,DC,DC,S_DCH_H1,40,Herbivore
1159,2021/09/14 21:20:40,16.39,DC,DC,S_DCH_H1,40,Herbivore
1160,2021/09/14 22:20:40,15.96,DC,DC,S_DCH_H1,40,Herbivore
1161,2021/09/14 23:20:40,15.57,DC,DC,S_DCH_H1,40,Herbivore
1162,2021/09/15 00:20:40,15.61,DC,DC,S_DCH_H1,40,Herbivore
1163,2021/09/15 01:20:40,15.36,DC,DC,S_DCH_H1,40,Herbivore
1164,2021/09/15 02:20:40,14.63,DC,DC,S_DCH_H1,40,Herbivore
1165,2021/09/15 03:20:40,14.58,DC,DC,S_DCH_H1,40,Herbivore
1166,2021/09/15 04:20:40,16.00,DC,DC,S_DCH_H1,40,Herbivore
1167,2021/09/15 05:20:40,16.69,DC,DC,S_DCH_H1,40,Herbivore
1168,2021/09/15 06:20:40,16.94,DC,DC,S_DCH_H1,40,Herbivore
1169,2021/09/15 07:20:40,17.84,DC,DC,S_DCH_H1,40,Herbivore
1170,2021/09/15 08:20:40,21.06,DC,DC,S_DCH_H1,40,Herbivore
1171,2021/09/15 09:20:40,23.34,DC,DC,S_DCH_H1,40,Herbivore
1172,2021/09/15 10:20:40,24.97,DC,DC,S_DCH_H1,40,Herbivore
1173,2021/09/15 11:20:40,27.54,DC,DC,S_DCH_H1,40,Herbivore
1174,2021/09/15 12:20:40,30.16,DC,DC,S_DCH_H1,40,Herbivore
1175,2021/09/15 13:20:40,33.25,DC,DC,S_DCH_H1,40,Herbivore
1176,2021/09/15 14:20:40,25.78,DC,DC,S_DCH_H1,40,Herbivore
1177,2021/09/15 15:20:40,20.89,DC,DC,S_DCH_H1,40,Herbivore
1178,2021/09/15 16:20:40,19.99,DC,DC,S_DCH_H1,40,Herbivore
1179,2021/09/15 17:20:40,20.25,DC,DC,S_DCH_H1,40,Herbivore
1180,2021/09/15 18:20:40,19.90,DC,DC,S_DCH_H1,40,Herbivore
1181,2021/09/15 19:20:40,19.69,DC,DC,S_DCH_H1,40,Herbivore
1182,2021/09/15 20:20:40,18.87,DC,DC,S_DCH_H1,40,Herbivore
1183,2021/09/15 21:20:40,18.49,DC,DC,S_DCH_H1,40,Herbivore
1184,2021/09/15 22:20:40,18.44,DC,DC,S_DCH_H1,40,Herbivore
1185,2021/09/15 23:20:40,18.32,DC,DC,S_DCH_H1,40,Herbivore
1186,2021/09/16 00:20:40,17.80,DC,DC,S_DCH_H1,40,Herbivore
1187,2021/09/16 01:20:40,17.03,DC,DC,S_DCH_H1,40,Herbivore
1188,2021/09/16 02:20:40,16.99,DC,DC,S_DCH_H1,40,Herbivore
1189,2021/09/16 03:20:40,16.47,DC,DC,S_DCH_H1,40,Herbivore
1190,2021/09/16 04:20:40,15.57,DC,DC,S_DCH_H1,40,Herbivore
1191,2021/09/16 05:20:40,14.67,DC,DC,S_DCH_H1,40,Herbivore
1192,2021/09/16 06:20:40,14.63,DC,DC,S_DCH_H1,40,Herbivore
1193,2021/09/16 07:20:40,14.03,DC,DC,S_DCH_H1,40,Herbivore
1194,2021/09/16 08:20:40,15.27,DC,DC,S_DCH_H1,40,Herbivore
1195,2021/09/16 09:20:40,15.74,DC,DC,S_DCH_H1,40,Herbivore
1196,2021/09/16 10:20:40,17.11,DC,DC,S_DCH_H1,40,Herbivore
1197,2021/09/16 11:20:40,20.29,DC,DC,S_DCH_H1,40,Herbivore
1198,2021/09/16 12:20:40,22.22,DC,DC,S_DCH_H1,40,Herbivore
1199,2021/09/16 13:20:40,26.72,DC,DC,S_DCH_H1,40,Herbivore
1200,2021/09/16 14:20:40,29.21,DC,DC,S_DCH_H1,40,Herbivore
1201,2021/09/16 15:20:40,30.07,DC,DC,S_DCH_H1,40,Herbivore
1202,2021/09/16 16:20:40,30.84,DC,DC,S_DCH_H1,40,Herbivore
1203,2021/09/16 17:20:40,30.07,DC,DC,S_DCH_H1,40,Herbivore
1204,2021/09/16 18:20:40,20.37,DC,DC,S_DCH_H1,40,Herbivore
1205,2021/09/16 19:20:40,16.21,DC,DC,S_DCH_H1,40,Herbivore
1206,2021/09/16 20:20:40,15.87,DC,DC,S_DCH_H1,40,Herbivore
1207,2021/09/16 21:20:40,15.27,DC,DC,S_DCH_H1,40,Herbivore
1208,2021/09/16 22:20:40,14.20,DC,DC,S_DCH_H1,40,Herbivore
1209,2021/09/16 23:20:40,13.51,DC,DC,S_DCH_H1,40,Herbivore
1210,2021/09/17 00:20:40,15.27,DC,DC,S_DCH_H1,40,Herbivore
1211,2021/09/17 01:20:40,14.54,DC,DC,S_DCH_H1,40,Herbivore
1212,2021/09/17 02:20:40,13.73,DC,DC,S_DCH_H1,40,Herbivore
1213,2021/09/17 03:20:40,14.20,DC,DC,S_DCH_H1,40,Herbivore
1214,2021/09/17 04:20:40,14.67,DC,DC,S_DCH_H1,40,Herbivore
1215,2021/09/17 05:20:40,14.80,DC,DC,S_DCH_H1,40,Herbivore
1216,2021/09/17 06:20:40,14.58,DC,DC,S_DCH_H1,40,Herbivore
1217,2021/09/17 07:20:40,15.14,DC,DC,S_DCH_H1,40,Herbivore
1218,2021/09/17 08:20:40,16.30,DC,DC,S_DCH_H1,40,Herbivore
1219,2021/09/17 09:20:40,17.80,DC,DC,S_DCH_H1,40,Herbivore
1220,2021/09/17 10:20:40,19.26,DC,DC,S_DCH_H1,40,Herbivore
1221,2021/09/17 11:20:40,21.70,DC,DC,S_DCH_H1,40,Herbivore
1222,2021/09/17 12:20:40,22.39,DC,DC,S_DCH_H1,40,Herbivore
1223,2021/09/17 13:20:40,22.73,DC,DC,S_DCH_H1,40,Herbivore
1224,2021/09/17 14:20:40,23.85,DC,DC,S_DCH_H1,40,Herbivore
1225,2021/09/17 15:20:40,23.51,DC,DC,S_DCH_H1,40,Herbivore
1226,2021/09/17 16:20:40,21.66,DC,DC,S_DCH_H1,40,Herbivore
1227,2021/09/17 17:20:40,20.37,DC,DC,S_DCH_H1,40,Herbivore
1228,2021/09/17 18:20:40,19.69,DC,DC,S_DCH_H1,40,Herbivore
1229,2021/09/17 19:20:40,18.87,DC,DC,S_DCH_H1,40,Herbivore
1230,2021/09/17 20:20:40,18.57,DC,DC,S_DCH_H1,40,Herbivore
1231,2021/09/17 21:20:40,18.40,DC,DC,S_DCH_H1,40,Herbivore
1232,2021/09/17 22:20:40,18.62,DC,DC,S_DCH_H1,40,Herbivore
1233,2021/09/17 23:20:40,18.40,DC,DC,S_DCH_H1,40,Herbivore
1234,2021/09/18 00:20:40,18.36,DC,DC,S_DCH_H1,40,Herbivore
1235,2021/09/18 01:20:40,18.23,DC,DC,S_DCH_H1,40,Herbivore
1236,2021/09/18 02:20:40,18.19,DC,DC,S_DCH_H1,40,Herbivore
1237,2021/09/18 03:20:40,18.10,DC,DC,S_DCH_H1,40,Herbivore
1238,2021/09/18 04:20:40,18.19,DC,DC,S_DCH_H1,40,Herbivore
1239,2021/09/18 05:20:40,18.14,DC,DC,S_DCH_H1,40,Herbivore
1240,2021/09/18 06:20:40,18.06,DC,DC,S_DCH_H1,40,Herbivore
1241,2021/09/18 07:20:40,18.74,DC,DC,S_DCH_H1,40,Herbivore
1242,2021/09/18 08:20:40,19.82,DC,DC,S_DCH_H1,40,Herbivore
1243,2021/09/18 09:20:40,21.36,DC,DC,S_DCH_H1,40,Herbivore
1244,2021/09/18 10:20:40,23.46,DC,DC,S_DCH_H1,40,Herbivore
1245,2021/09/18 11:20:40,25.48,DC,DC,S_DCH_H1,40,Herbivore
1246,2021/09/18 12:20:40,27.97,DC,DC,S_DCH_H1,40,Herbivore
1247,2021/09/18 13:20:40,32.73,DC,DC,S_DCH_H1,40,Herbivore
1248,2021/09/18 14:20:40,24.54,DC,DC,S_DCH_H1,40,Herbivore
1249,2021/09/18 15:20:40,25.65,DC,DC,S_DCH_H1,40,Herbivore
1250,2021/09/18 16:20:40,22.86,DC,DC,S_DCH_H1,40,Herbivore
1251,2021/09/18 17:20:40,21.49,DC,DC,S_DCH_H1,40,Herbivore
1252,2021/09/18 18:20:40,20.98,DC,DC,S_DCH_H1,40,Herbivore
1253,2021/09/18 19:20:40,19.77,DC,DC,S_DCH_H1,40,Herbivore
1254,2021/09/18 20:20:40,18.83,DC,DC,S_DCH_H1,40,Herbivore
1255,2021/09/18 21:20:40,16.43,DC,DC,S_DCH_H1,40,Herbivore
1256,2021/09/18 22:20:40,13.85,DC,DC,S_DCH_H1,40,Herbivore
1257,2021/09/18 23:20:40,12.10,DC,DC,S_DCH_H1,40,Herbivore
1258,2021/09/19 00:20:40,11.15,DC,DC,S_DCH_H1,40,Herbivore
1259,2021/09/19 01:20:40,10.72,DC,DC,S_DCH_H1,40,Herbivore
1260,2021/09/19 02:20:40,10.34,DC,DC,S_DCH_H1,40,Herbivore
1261,2021/09/19 03:20:40,10.89,DC,DC,S_DCH_H1,40,Herbivore
1262,2021/09/19 04:20:40,10.46,DC,DC,S_DCH_H1,40,Herbivore
1263,2021/09/19 05:20:40,11.11,DC,DC,S_DCH_H1,40,Herbivore
1264,2021/09/19 06:20:40,10.94,DC,DC,S_DCH_H1,40,Herbivore
1265,2021/09/19 07:20:40,11.02,DC,DC,S_DCH_H1,40,Herbivore
1266,2021/09/19 08:20:40,11.41,DC,DC,S_DCH_H1,40,Herbivore
1267,2021/09/19 09:20:40,10.85,DC,DC,S_DCH_H1,40,Herbivore
1268,2021/09/19 10:20:40,12.27,DC,DC,S_DCH_H1,40,Herbivore
1269,2021/09/19 11:20:40,17.72,DC,DC,S_DCH_H1,40,Herbivore
1270,2021/09/19 12:20:40,21.58,DC,DC,S_DCH_H1,40,Herbivore
1271,2021/09/19 13:20:40,27.02,DC,DC,S_DCH_H1,40,Herbivore
1272,2021/09/19 14:20:40,30.80,DC,DC,S_DCH_H1,40,Herbivore
1273,2021/09/19 15:20:40,33.37,DC,DC,S_DCH_H1,40,Herbivore
1274,2021/09/19 16:20:40,32.86,DC,DC,S_DCH_H1,40,Herbivore
1275,2021/09/19 17:20:40,28.78,DC,DC,S_DCH_H1,40,Herbivore
1276,2021/09/19 18:20:40,17.72,DC,DC,S_DCH_H1,40,Herbivore
1277,2021/09/19 19:20:40,12.87,DC,DC,S_DCH_H1,40,Herbivore
1278,2021/09/19 20:20:40,11.54,DC,DC,S_DCH_H1,40,Herbivore
1279,2021/09/19 21:20:40,10.55,DC,DC,S_DCH_H1,40,Herbivore
1280,2021/09/19 22:20:40,9.69,DC,DC,S_DCH_H1,40,Herbivore
1281,2021/09/19 23:20:40,9.05,DC,DC,S_DCH_H1,40,Herbivore
1282,2021/09/20 00:20:40,8.53,DC,DC,S_DCH_H1,40,Herbivore
1283,2021/09/20 01:20:40,7.76,DC,DC,S_DCH_H1,40,Herbivore
1284,2021/09/20 02:20:40,10.12,DC,DC,S_DCH_H1,40,Herbivore
1285,2021/09/20 03:20:40,10.08,DC,DC,S_DCH_H1,40,Herbivore
1286,2021/09/20 04:20:40,9.78,DC,DC,S_DCH_H1,40,Herbivore
1287,2021/09/20 05:20:40,9.52,DC,DC,S_DCH_H1,40,Herbivore
1288,2021/09/20 06:20:40,9.44,DC,DC,S_DCH_H1,40,Herbivore
1289,2021/09/20 07:20:40,9.44,DC,DC,S_DCH_H1,40,Herbivore
1290,2021/09/20 08:20:40,9.99,DC,DC,S_DCH_H1,40,Herbivore
1291,2021/09/20 09:20:40,11.28,DC,DC,S_DCH_H1,40,Herbivore
1292,2021/09/20 10:20:40,13.08,DC,DC,S_DCH_H1,40,Herbivore
1293,2021/09/20 11:20:40,17.11,DC,DC,S_DCH_H1,40,Herbivore
1294,2021/09/20 12:20:40,22.22,DC,DC,S_DCH_H1,40,Herbivore
1295,2021/09/20 13:20:40,28.44,DC,DC,S_DCH_H1,40,Herbivore
1296,2021/09/20 14:20:40,32.30,DC,DC,S_DCH_H1,40,Herbivore